f_id	pdb_id	chain	peptide	final_id	final_chain	final_peptide	pfpd_set	pep_ss2	rec_ss2	rec_is_helix	rec_is_strand	rec_is_combined	pep_is_helix	pep_is_strand	pep_is_combined	peptide_length	pep_is_coil
1.1.1.45	3uqp	A	B				True	EE	CCHHHCCEEECCCEEEEEEECCCCEEEEEEEECCEEEECCCCHHHCCEEEEEEEEEEECCEEEEEEEEEEEECCCCEEEEEEEEEEEECCCCEEEECHHHCCCCCHHHHHHHHCCCEEEEEEEEEEEECCHHHEEEEEEEEECECCEEEEEEEECCEEHHHHCCCEEECCECEEEEHHHHHHHHHHHHHHCCCCHHHHCCCCEEEECCHHHCEEEEEECCCCEEEEEEEHHHHEEEEEEEEEEEEECCEEEHHHHCCEEEEEEHHHCEEEEEEECCCCEEEEEEECHHHHC	True	True	True	False	False	False	8	True
None	None	None	None	None	None	None	None	None	None	None	None	None	None	None	None	None	None
1.1.5.13	3rc4	A	B	3rc4	A	B	False	EEE	HHHEEEEEEEECCCCEEEECHHHHHHHHHHECECEEEEECCEEEEEEECCEEEEHHHHCCEECCCECEEECCCCEEEEECCEEECEEEEECCEEEEEECCCEEEEEEEEEHHHCCCCCEEECCEEEEEEEEEEECCEEEEEEEEEHHHHHHHH	True	True	True	False	True	False	13	False
1.1.5.147	3nzi	A	B	2z9i	A	G	False	EE	HHHHHHHHHHHEEEEEEEEEEEEECCCEEEEHHHHHHHHEEEEEECCCEEEEEEEECCCCEEEEECCEEHHHCCEEEEEEHHHCCEEEEEEEEEEEEEEEEEEEEEECCCCCEEEECCCEEEEEEEEECCEEEEEHHHHHHHHHHHHHHCCEEEEEECEEEEEECCCCCHHHCCCEEEEECCEECHHHHHHHHHCCCCEEEEEEEECCCEEEEEEEEEE	True	True	True	False	False	False	4	True
1.1.5.153	1g9i	E	I	1fiw	A	L	False	CCCCCCCCC	ECEECCCCCCEEEEEEEECCCCEEEEEEEEEEEECCEEEEHHHHCCCHHHEEEEECCECCCCCEEEEEEEEEECCECCCCECEEEEEECECCEECCCCCEEEEEECCCCCCCCEEEEEEEEEHHHHCCCCCCCCCCEEEEECCCCECCCCEEEEECCCCEEEEEEEEECCCCECCEEEEEECHHHHHHHHHHHHHHHHHCC	True	True	True	False	False	False	13	True
1.1.5.198	1nt1	A	H	2hwl	B	A	False	CCCCCCCHHHCCCHHHHH	ECEECCCCCEEEEEECCCCEEEEEEEECCCCEEEEHHHCEEHHHCEEHHHEEEEECCECCCCCCEEEEEEEEECCECCCCECEEEEECCCCEHHHHHHHCCEEEEEECCCCCEEEEEEEEHHHHHHHCCCCEEEECCCCECCCCEEEEECCCEEEEEEEEECCCCCCEEEECCCCHHHHHHHHHH	True	True	True	True	False	False	11	False
None	None	None	None	None	None	None	None	None	None	None	None	None	None	None	None	None	None
1.1.5.205	1sgc	A	B	2qa9	E	I	False	EE	CCEEECCEEEEEEEECCEEEEEEHHHHCCCEEECCCCCCEEEEEEEEECECEEEEEECCCEECCEEEECCEEEEEECCCEEEEEEEEEEEEEEECCCEEEEEEEECCCCCEEEECCEEEEEEEEEEEECCCEEEEEEEEHHHHHHHHCEE	True	True	True	False	False	False	5	True
1.1.5.9	2h6m	A	I	2wv5	C	G	False	EECEE	HHHHHHHHEEEEEEEECCEEEEEEEEEEEECCEEEEEHHHHHCCEEEECCEEEHHHEEEEEEEEECCCCEEEEEEEEEEECCHHHECCCCEEEEEEEECCCEEEEEEEEEEEEEEEEECCCEEEEEEEEEECCCCEEEECCCEEEEEEEEEECCEEEEEEEHHHHHHHHHC	True	True	True	False	False	False	11	True
10.1.1.34	3emw	A	B	5jiu	B	D	False	CC	HHHHHHHHHHHHHCCCCCCCEEEEEECCEEEECCCCEEEECCCCCEEEEECCHHHCEEEEEEEEEEECCCEEEEECCCCCCCCCCCEEEEECCCEEEECCCCEECCCEEEEEEECCCCEEEEEECCEEEEEEECCCEEEEEECCCEEEEEECCCCCCHHHHHHHHHHH	True	True	True	False	False	False	20	True
None	None	None	None	None	None	None	None	None	None	None	None	None	None	None	None	None	None
10.1.2.350	2bba	A	P	4w50	B	F	False	CEECCCEE	EEEEEEHHHCEEECCCCCCEEEEEECCCEEEEEEECCCCCEEEEEECCCEEEEEEEEEEHHHCCCCECEEEEEEEEECCCCCCCCEEEEEEECEEEEECCEEEEEEEEEEECCEEEEEEEECCEEEEEEEEEEEEE	True	True	True	False	False	False	12	True
10.12.1.226	6f0w	A	S	5l9b	A	C	False	HHHHCECCEE	HHHHHHHCHHHHHHHHCEEEECCCCHHHHHHHHHHHHHHHHCCEEECCCCHHHCEEEEEECCCCHHHHHHHHHHHHHHHHHCCCCCEEEEEEEEEECCCEEEEEECCCCCCEEEEEEEEECCHHHHEEEECCCCEEEECCEEEEECCCEEEEEECCEEEEEEEEEEHHHHHHHHHHHH	True	True	True	True	False	False	10	False
10.12.1.226	6f0w	A	S	5l9b	A	C	False	HHHHCECCEE	HHHHHHHCHHHHHHHHCEEEECCCCHHHHHHHHHHHHHHHHCCEEECCCCHHHCEEEEEECCCCHHHHHHHHHHHHHHHHHCCCCCEEEEEEEEEECCCEEEEEECCCCCCEEEEEEEEECCHHHHEEEECCCCEEEECCEEEEECCCEEEEEECCEEEEEEEEEEHHHHHHHHHHHH	True	True	True	True	False	False	17	False
None	None	None	None	None	None	None	None	None	None	None	None	None	None	None	None	None	None
None	None	None	None	None	None	None	None	None	None	None	None	None	None	None	None	None	None
101.1.9.9	6a6w	A	B	5yc2	A	B	False	CHHHHHHHHH	EEEEEECCEEEEEECCCHHHHHHHHHHHCCHHHEEEEECCEECCCCCCCCCEEEEEEECCHHHCCCCCHHHCCCEEEEEEECCEEEEEEEEEECCCCEEEEEECCCEEHHHHHHHHCCHHHHHHHHHHHHHHCEEECCEEEEEEHHHHHHHHHHHCHHHHHHHHCC	True	True	True	True	False	False	18	False
1075.5.1.1	3vvr	A	B	3wbn	A	B	False	EEEEECCCCEEEEE	HHHHHHCCHHHHHHHHHHHHHHHHHHHHHHHHHHHHHHHCCHHHHHHHHHHHHHHHHHHHHHHHHHHHHHHHHHHHHHCCHHHHHHHHHHHHHHHHHHHHHHHHHHCCCHHHHHHCCCCHHHHHHHHHHHHHHCCHHHHHHHHHHHHHHHHCCHHHHHHHHHHHHHHHHHHHHHHHCCCCHHHHHHHHHHHHHHHHHHHHHHHHCCCCCCCCHHHHHHHHHHHHHHHHHHHHHHHHHHHHHHHHHHHHHHHHHHHHHHHHHHHHHCCHHHHHHHHHHHHHHHHHHHCCHHHHHHHHHHHHHHHHHHHHHHHHHHHHCHHHHHHHCCCCCHHHHHHHHHHHHCCHHHHHHCHHHHHHHHHHHHHCCHHHHHHHHHHHHCCCHHHHHHHHHHHCHHHHHHHHHHHHHHHHHHHHHHHHHHHHHHHH	True	False	False	False	True	False	19	False
109.2.1.29	5a29	A	B	5a29	A	B	False	CCCCCC	HHHHHHHHHHHHHHHHHHHHCCCCCCCEEECCCEEEECCCEEEEEHHHHHHHHHHHHHHHHHCHHHHHHHHHHHHHHHHCECCCECECCEEECCCEECCCCEECCHHHHHHHHHHHHHHHHHHHHHHECCCECCECCCCCHHHCCCCCCCEEEHHHHHHHHHHHHHHHHHCHHHHCCHHHHHHHHHHHHHHCCCCCCCEEECCCCCCCEHHHHHHHHHHHHHCHHHECCHHHHHHCHHHHHHHHHHHHCCHHHHHHHHHHHHHHHHHHEECCCCEEEECCCECCCCECCECCECCCCCHHHHHHHHHHCHHHHHHHHHHHHHCCEECCCCCEECCHHHHHHHHHHHHHHCHHHHHHHHHHHHHHHHHEECCEECCCCECEEECCCHHHHHHHHHHHHCCHHHCEEEECCEEEEEHHHHCCCE	True	True	True	False	False	False	18	True
None	None	None	None	None	None	None	None	None	None	None	None	None	None	None	None	None	None
None	None	None	None	None	None	None	None	None	None	None	None	None	None	None	None	None	None
None	None	None	None	None	None	None	None	None	None	None	None	None	None	None	None	None	None
109.4.1.1231	1ee5	A	B	1ee5	A	B	False	CCC	HHHHHHCCCHHHHHHHHHHHHHHHCCCHHHHHHCCHHHHHHHHCCCCHHHHHHHHHHHHHHHCCHHHHHHHHHCCHHHHHHHHHHCHHHHHHHHHHHHHHHCCHHHHHHHHHCCHHHHHHHHHCHHHHHHHHHHHHHHHCCCHHHHHHHHHHHHHHCCCHHHHHHHHHHHHHHCCCHHHHHHHHHCCHHHHHHHHHCHHHHHHHHHHHHHHCCCHHHHHHHHHCCHHHHHHHHCCCCHHHHHHHHHHHHCCCCCHHHHHHHHHCCHHHHHHHHHCCHHHHHHHHHHHHHHHHHHHCCHHHHHHHHCCHHHHHCCCCCCHHHHHHHHHHHHHHHHHHHHHHHHCCCCHHHHHHHHCCHHHHHHHHHHCHHHHHHHHHHHHHH	True	False	False	False	False	False	19	True
109.4.1.1249	6a30	A	P	6a30	A	P	False	CC	HHHHHHHHHHHHHHHHHCCHHHHCCCHHHHHHHHHHHHHHHHHHHHHHHCCCCHHHHHHHHHHHHHHHHHHHHHCHHHHHHHHCCCCCHHHHHHHHHHHHHHHHHHHCCCCCCCCCCHHHHHHHHHHHHHHHHHHHHHHHHHHHCHHHHHHHHHHHHHHHHHHCCCCHHHHCCHHHHHHHHHHHHHHHHHHHHHHHHHHHHHHHHHCCECCECHHHHHHHHHHHHHHHHHHHCHHHHHHHHHHHHHHHHHHHHHHHHHHHCCHHHHCCCCHHHHHHHHHHHHHHHHHHHHHHHCCCCCCHHHHHHHHHHHHHHHHHHHHHHHHHHHCCHHHHHHHHHHHHHHHHCCCCCCHHHHHHHHHHHHHHHHHHHHHHCCCCCHHHHHHHHHHHHHHHHHHHHCCCCEECCCEEHHHHHHHHHHHHHHHHHHHCCCCCCHHHHHCHHHHHHHHHHHHHCCCC	True	False	False	False	False	False	6	True
109.4.1.1254	2z5n	A	B	2z5n	A	B	False	CCCC	CCCCCCHHHHHHCCCCHHHHHHHHHHHHHHHHCCCHHHHHHHHHHCCCCHHHHHHHHHHHHHHHHCCCCHHHHHHHHHHHHHHHHCCHHHHHHHHHHHHHHHHHCCCCCCHHHHHCCCCCCHHHHHHHHHHHHHHHHHCCCCCCCCCCCCCCHHHHHHHHHCHHHHHHHHHHHHCCCCCCHHHHCCCCHHHHHHHCCCCCHHHHHHHHHHHHHCCCCHHHCCCCHHHHHHHHHHHCCCCHHHHHHHHHHHHHHCCCHHHHHCHHHHHHHHHHHHHCCCCHHHHHCCCCHHHHHHHHHHHHHHHHCCCCHHHCHHHHHHHHCCCHHHHHHHHHHHHHCCCCCCHHHHHHHHHHHHHHHHHCCCCHHHHHHHHHHHHCCHHHHHHCCCCCHHHHHHHHHHHHCCCHHHHHHHHHHHHHHHHHCCCCCHHHHHHHHHHHHHHHHCHHHHHHHHHHHHHHHHHHHHHHCHHHHHHHHHHHHHHHHCCCCCHHHHHHHHHHHHHHCCCCCCCCHHHHHHHHHHHHHHHHHHHHHHHCCCCCCHHHHHHHHHHHHHHHHHHHHCHHHHHCCCCHHHHHHHCCCCHHHHHHHHHHHHHHHHHHHHCCCCHHHHHHHHHHCCCCHHHHHHHHHHHHHHHHHHHHHHCCCHHHHHHHHHHHHCCCHHHHHHHHHHHHHHHHHHHHHHHHCCCCCCHHHHHHCCCCHHHHHHHHHHHHHHHHHHHCHHHHHHHHHHHHCCCHHHHHHHHHHHHHHHHHHHHHHHHHHCCCHHHHHHHHHHC	True	False	False	False	False	False	24	True
109.4.1.1259	3q47	B	C	6efk	A	D	False	C	HHHHHHHHHHHHHCCHHHHHHHHHHHHHHCCHHHHHHHHHHHHHCCHHHHHHHHHHHHHHCCHHHHHHHHHHHHHCCHHHHHHHHHHHHHHHHHCCCCHHHHHHHHHHHHHHHHHHCC	True	False	False	False	False	False	6	True
109.4.1.126	3bqo	A	B	5wir	B	D	False	CCE	HHHHHHHHHHHHHHHHHHHHHHHHHHHHHCHHHHHHHHHHHHHHHHHCCHHHHHHHHHHHHHHHHHCCCCCECCCCCHHHHHHHHHCCCCHHHHHHHHHHHHHHHHHHHHCCHHHHHHHHHHHHCCCCCHHHHHHHHHCCCCHHHHHCHHHHHHHHHHHHHHHHHHHCCCHHHHHHHHHH	True	False	False	False	False	False	15	True
None	None	None	None	None	None	None	None	None	None	None	None	None	None	None	None	None	None
None	None	None	None	None	None	None	None	None	None	None	None	None	None	None	None	None	None
109.4.1.14	3c3o	A	B	3c3o	A	B	False	HHHHHHHCC	ECHHHHHCCCCCCCCCCCCCCCHHHHHHHHHHHHHHCCHHHHHHHHHHHHHHHCCCCCCCCCEEEECCCCCEEEEHHHHHHHHHHHHHHHHHHHHCCCCCCHHHHHHHHHHHHHHHHHHHHHHHHHHHHHCCCCCCHHHHHHHHHHHHHHHHHHHHHHHHHCCHHHHHHHHHHHHHHHHHHHHHCCCCCCHHHHHHHHHHHHHHHHHHHHHHHHHHCCHHHHHHHHHHHHHHHHHHHHHCCCCHHHHHHHHHHHHHHHHHHHHCCHHHCCCCCCCC	True	True	True	True	False	False	13	False
109.4.1.217	3ro3	A	B	3ro3	A	B	False	CCHHHHHCC	HHHHHHHHHHHHHHHHHCCHHHHHHHHHHHHHHHHHHCHHHHHHHHHHHHHHHHHCCHHHHHHHHHHHHHHHHHCCHHHHHHHHHHHHHHHHHCCHHHHHHHHHHHHHHHHHCCHHHHHHHHHHHHHHHHHHCHHHHHHHHHHHHHHHCC	True	False	False	True	False	False	22	False
None	None	None	None	None	None	None	None	None	None	None	None	None	None	None	None	None	None
109.4.1.70	4jhk	A	C	4jhk	A	C	False	CCCCCCCHHHHHHHHHHH	CCCHHHHHHHHHHHHHHHCHHHHHHHHHHHHCCHHHHCCHHHHHHHHHHHHHHHHCHHHHHHHHHHHHHHHCHHHHHHHHHHHHHHHHHHHHHHHHEECCEEHHHHHHHHHHHHHHCCHHHHCHHHHHHHHHHHHHHHHHHHHHHHHHHHHHHHHHHHHHHCCHHHHHHHHHHHHHHHCCCHHHHHHH	True	False	False	True	False	False	22	False
109.4.1.711	2f31	A	B	2f31	A	B	False	HHHHHHHHHHHCCC	HHHHHHHHCCCHHHHHHHHHHHHHHHHHCHHHHHHHHHHHHHHHHHHHHHHHCHHHHHHHHHHHHHHHCCCHHHHHHHHCCCCHHHHHHCCCCCHHHHHHHHHHHHHHHCCCCCHHHHHHHHHHHHHHHHCCCCHHHHHCCCCCCHHHHHHHHHHHHHHHCCHHHHHHHHHHHHHCCHHHHHHHHHHHHHHHHHHHHHHHHHHHHHH	True	False	False	True	False	False	20	False
109.4.1.730	5frs	A	C	5frs	A	C	False	ECCCCCC	CECCCHHHHHHHHHHHHHHHHHCCCECCCHHHHCHHHHHHHCCCHHHHHHHHHHHHHHHHHHCCCCHHHHHHHHHHHHHHHHHHHCCCHHHHHHHHHHHHHCHHHHHHCCCCHHHHHHHHHHHHCCCCCCHHHHHHHHHHHHHCCCHHHHHHHHHHHHHCCCCCCCHHHHHHHHHHHCCHHHHHHHHHHHHHHHHHHHHCCCCCHHHHHHHHHHHHHHHHHHHHHHHHHCHHHHHHHHCCCHHHHHHHHHHHHHHCCCCCHHHHCHHHHHHHCCHHHCHHHHHHHHCCHHHHHHHCCCHHHHHHHHHCCCCHHHHHHHHHHHHHCHHHHHHHHHHHHHHHHHHHECHHHHHHHHHHHHHHHHHCCCCCCHHHCHHHHCCHHHHHHCCHHHHHHHHHHHHHHCCCCCCCCHHHHHHHHHHHCCHHHHHHHHHHHHHHHHHHHHHHHHHHHHHHHCCCCCCCCCHHHHHHHHCCCCCCCCCCCCCHHHHHHHCCCHHHHHHHHHHHHHHHCCHHHHHHHHHHHHHHCCHHHHHHHHHHHHHHHCCCCCCCHHHHHCCCCHHHHHHHHHHHHHHHHHHHHHCCHHHHH	True	False	False	False	False	False	22	True
None	None	None	None	None	None	None	None	None	None	None	None	None	None	None	None	None	None
11.1.1.10	2ymt	A	B	1ky6	A	P	False	CC	CCCCCCCCHHHHCCCEEEEECCEEEEEEEEEECCEEEEEEEEEECCCEEEEEEEEEHHHHHHEEEEECECCEEEEEEEEEECCEEEEEEEECCEEEEEEEEHHHHEEEHHHHHHHHCCCHHHEEEEEEECCHHHHHHHHHHHCCEECCCCCCCEEEEEEEECCEEEEEEEEEEECCCCEEEEEEEECCHHHHHHHHHHHHCC	True	True	True	False	False	False	9	True
11.1.1.172	6seo	A	L	6seo	A	L	False	HHHCCHHHCC	CEECCEEEEEEEEEEEECCCCEEEEEEEEEEEEEHHHCHHHCCCCCHHHHHHHCHHHEEEEEEEEEEEEEEEEEEECCEEEEEEEEEECCEEEEEEEEEEEEEECCEEEEEEEEEEHHHHHHHHHHHHCCCHHHHHHHHHHEEEEEEEEECCCEEEEEEEEEEECCEEEEEEEE	True	True	True	True	False	False	18	False
None	None	None	None	None	None	None	None	None	None	None	None	None	None	None	None	None	None
11.1.5.204	3bfq	G	F	4xob	A	B	False	EEEEEEEEE	EEEECCCEECCEEEEEEEEEECCCEEEEEHHHCEEEECCCCEEEEECCEEHHHHHCEEEEECCEEEEECCCEEECCEEEEEEEECCEEEECCEEEEEEEEEEECCCEEEEEEEEECEEEEECEEECCEEEEECCCEEEEEEECCEEEEEEEECECCCCCECCCECCEEEEEEECCEECCEEEEEECCEEEEEEEECCCEEEEEEEEEEEEE	True	True	True	False	True	False	15	False
11.1.5.34	2cny	A	B	2cnz	A	B	False	EEEEEEEEEEEEEEEEE	EEEEEECCECEECCEEEEEEEECCCEEEEEEECCEECCCCEEEEECCCEEEEEEHHHHHCEEEEECCEEEEEEECCEEEEEEECCEECEEEEEEEEEEEEE	True	True	True	False	True	False	20	False
11.10.1.2	1yy6	A	B				True	EE	CCCEEEEEEEECCHHHCEEEEECCEEEEEEEEEEEEEEEEEECCCCEEEEEEEEEECCHHHEEEEEEEEEECCEEEEEEEEEEHHHHCCCCCCECCEEEEEEEEEEECC	True	True	True	False	False	False	10	True
None	None	None	None	None	None	None	None	None	None	None	None	None	None	None	None	None	None
143.1.1.1	3ktp	A	B	3pkn	A	B	False	CC	HHHHHHCHHHHHHHHHHHHHHHHHHHCCCHHHHHHHHCCCHHHHHHHHHHHHHHHHHHHHHHHHHHHHHHH	True	False	False	False	False	False	14	True
170.2.1.16	4x3h	A	B	4x3h	A	B	False	EEEE	CCCCCCCCEEEECHHHHHHHHHHHHCCCHHHHHHHHHHHECHHHHHHHHHHHHCHHHHHHHHHHHHH	True	True	True	False	True	False	9	False
178.1.1.1	1t4f	M	P	1t4f	M	P	False	HHHHHCC	EEEEHHHHHHHHHHCCEEHHHHHHHHHHHHHHCCEECCEEEEEECCCHHHHHHCCCEEECCHHHHHHHHHCCEEE	True	True	True	True	False	False	9	False
188.1.1.1	1t5z	A	B	1t5z	A	B	False	HHHHHHHC	HHHHHHHHHCCCHHHHHHHHHHHHHHHHHHHHHHHHCCCCHHHCHHHHHHHHHHHHHHHHHHHHHHHHHHHHCCCCEEEECCEEEHHHHHHCCHHHHHHHHHHHHHHHHCCHHHHHHHHHHHHHCEEECCCCHHHHHHHHHHHHHHHHHHHHCCHHHHHHHHHHHHHHHHCHHHHHHHHHHHHHHHHHCHHHHCHHHHHHHHHCHHHHHCCCEEEC	True	True	True	True	False	False	8	False
188.1.1.8	3mne	A	B				True	HHHHHHC	CCHHHHHHHHCCHHHHHHHHHHHHHHHHHHHHHHHHHCCCHHHCHHHHHHHHHHHHHHHHHHHHHHHHHHHCCCEEEECCEEEHHHHCCCCCHHHHHHHHHHHHHHHHHCHHHHHHHHHHHHCCEEECCCCHHHHHHHHHHHHHHHHHHHHCCHHHHHHHHHHHHHHHHHHHHHHHHHHHHHHHHHHHHHHHHHHHHHHHHHHHHCCEEECC	True	True	True	True	False	False	13	False
2.1.1.38	5n85	A	B	5n85	A	B	False	HHHCC	HHHHCCCHHHHHHHHCEEEEEEEEEECCEEEEEEECCEEEEEEEEHHHHHHHHCCCCCCEEEEEEEEEEECCCEEEEEEEEEEEEHHHHCCEE	True	True	True	True	False	False	15	False
2002.1.1.1058	5v1t	A	B	4k39	B	D	False	ECCC	EEEEECCCCCECCCHHHHHHHHHHHHHHCCEEEEEECCHHHHHHHHHHHHHHHHHHCCEEEEEEEECCCHHHHHHHHHCCEEEEECCHHHHHHHEECCCEHHHHHHHHHHHHHHCEEEEEEEECCHHHHHHHHHHHHHCCEEEEEECCCCCCCCCCHHHHHHHHHHHHHHHHHHHHCCEEHHHHHHHHHHHHCCCECCCCCCEECCCEEECHHHCHHHEECCCCHHHHHHCHHHHHHHHHCCHHHHCCCHHHHCCHHHHCCCCCCHHHHHHHHHHHHHHHHHHHHC	True	True	True	False	False	False	18	True
2004.1.1.102	3wp1	B	A	1t3l	A	B	False	HHHHHHHHHHHHHHC	HHHHHHHHHHHHHHHHHHHHHHCCCCEEEEECCECCCCCCCEECCEEEEEEECCCEEEEEECCCCEEEEHHHHHHHHHHHHHHHHHCCEEEECCEEEECCCCCHHHHHHHHHHHHHHHHHCCCCEEEEEECHHHEHHHHHCCHHHHCCCHHHHHHHHHHHHHHCCCEEEEEECCCCHHHCCCECEEEEECHHHHHHHHHCCHHHHHCHHHHHHHHHHHHHCHHHCEEECCHHHHHHHHHHHHHHHHHHHCCC	True	True	True	True	False	False	18	False
2004.1.1.1404	5yv5	A	B	5yv5	A	B	False	HHHHHHHHHHH	CCCEEEECCCEEEECEEEEECCCCHHHHHHHHHCCCCCCCCHHHHHHHCCCCCHHHHHHHHHHCCEEECHHHHHHHCEHHHHHHHHCCCHHHHHHHCCCCCCCCEHHHHHHHHHHHHHHHHHCCEEEEECCCCCHHHHHHHHHHHHHHHHCCEEEEECHHHHHHHCEEEEEEEECCCEEEEEEHHHHHHHHHHCEECCCCEECCCCCCCEEEEEEEEEECCEEEEEEEEECCEEEEECCCCHHHHHHHHHCCCCECEEEECCCCEHHHHHHHHHHHHHCHHHHHHCCCCCCHHHCCCEHHHHHHHHHHHHHHHHHCCEEEEECCCCHHHHHHHHHHHHHHHHHHCEEEEECHHHHHHHCEEEEEEEECCCEEEEEEHHHHHHHHHHCCCEEECCCEEECCHHHHHHHHHC	True	True	True	True	False	False	18	False
2004.1.1.237	4b3b	A	C	4b3b	A	C	False	EE	EECHHHHHHCCCCEECCEEEEEEECCCCCHHHHHHHHHHHCCCHHHCCEEEEEECCCHHHHHHHHHHCCHHHHHHCEEEEECCHHHHHHHHHHHHHHHHHHCCCCCEEEEEEECCCHHHHHHCCCCHHHHHHHHHHHHHHHHHHHHHHHCEEEEEEECEEEEEEECCCEEEEEEECCCCCEEEEEEECCEEE	True	True	True	False	False	False	6	True
2006.1.6.3	6tyu	A	B	5y59	B	C	False	HHHHHHHHHH	EEEEEEEEHHHHHCCHHHHHHHHHHHHHHCCHHHHCCEEEEEEECCECCCCCEEEEEEECHHHHHHHHHHHHHHHHHHCCCCCHHHHHHHHHHHHHHHHCCEEEEEEEECCCHHHHHHHHCEEEEEEHHHHHHHHCCCEEEEHHHCC	True	True	True	True	False	False	16	False
None	None	None	None	None	None	None	None	None	None	None	None	None	None	None	None	None	None
2007.1.3.29	2fka	A	B				True	HHHHHHHC	CCEEEECCHHHHHHHHHHHHHCCEEEECCHHHHHHHHCCEEEEECCCCHHHHHHHHHCCCCCCCEEEEECCHHHHHHHHHHCCEEEECCHHHHHHHHHHHHHHHC	True	True	True	True	False	False	15	False
2007.2.3.10	3d42	A	B	3brh	A	C	False	CC	HHHHHHHHHHHHHCHHHHHHHHHHHHHHHHHHHHHCCCHHHHCCCCHHHCCCCCCCECCCCCCEEEECCCCCEEEEHHHHHHHHHHHHHCCEEEEECEECEEECCCCEEECCEEEEEEEEEECCEEEEEEEEEECCEEEEEEEEEECCCHHHHHHHHHHHHHCCCCEEEECCCCHHHHHHHHHHHHHHHHHCCCCHHHHHHHHCCCCCCCCCHHHHHHHHHHHHHHHHHHHHHH	True	True	True	False	False	False	7	True
2007.2.3.10	3d42	A	B	3brh	A	C	False	CC	HHHHHHHHHHHHHCHHHHHHHHHHHHHHHHHHHHHCCCHHHHCCCCHHHCCCCCCCECCCCCCEEEECCCCCEEEEHHHHHHHHHHHHHCCEEEEECEECEEECCCCEEECCEEEEEEEEEECCEEEEEEEEEECCEEEEEEEEEECCCHHHHHHHHHHHHHCCCCEEEECCCCHHHHHHHHHHHHHHHHHCCCCHHHHHHHHCCCCCCCCCHHHHHHHHHHHHHHHHHHHHHH	True	True	True	False	False	False	7	True
2007.2.3.2	2i6o	A	B	6g86	B	C	False	CC	CEEEEECCCEEEEECCCCEEEECCCCCCCHHHHHHHHHHHHHHHHCHHHCCEEEEEECHHHHHHHHHHHHHHHHHHCHHHHHHHHCCCCECCCCEHHHHHHHHHHHHHCCCHHHHHHHHHHCCHHHCEEECCCEEEEECCHHHHHHHHHHHHCCEEEEEECCCCHHHHCCCEEEECCHHHHHHHHHHHHHHHHCCEEEEEECCCCHHHHHHHHHHHHHHHHHHHHHHHHHHCCCCCHHHHHHHHHHHHHHHHHHHEEECCHHHCCEEEHHHHHHHCC	True	True	True	False	False	False	16	True
None	None	None	None	None	None	None	None	None	None	None	None	None	None	None	None	None	None
206.1.1.134	4ouc	A	B	4ouc	A	B	False	CC	EEHHHHCHHHHHCEEEEEECCEEEEEEEECCEEEEEEEEEECCCECCEEHHHHHHHHHHHHHHHHCCCCCCECCEEEEEEEECCHHHHHHHHHHHHHCCCCCCEEEEEEEEEECCCCCCCHHHHHHHHHHHHHHHHHHHHHHECHHHEEEEECEEEEEECCEEEEEECCEEEEECCEEEECCEEECCHHHHCCHHHHHHHHHHHHHCCCCCCHHHHHHHHHHHHHHHHCCCCCCHHHHHHHHHHHHHHHHHHHCCCHHHHHHHHHH	True	True	True	False	False	False	12	True
None	None	None	None	None	None	None	None	None	None	None	None	None	None	None	None	None	None
206.1.1.28	3r7g	A	B	3r7g	A	B	False	EEECCCHHHHHHCC	EEEHHHHHHHHCCHHHHHHHHHHHHHHHHHHHHCCCHHHEEEECCCEEEHHHHHHHHHHHHHHHHCCCCCEEEHHHHHHHHHHCCCHHHHHHHHHHCCCCHHHHHHHHHHHHHHHHHHHHH	True	True	True	True	True	True	22	False
207.1.1.223	3p72	A	B	3p72	A	B	False	HHHHHHC	CCEEEEECCEEEEECCCCCCCCCEEECCCCEEEHHHHCCCCEEECCCEEECCCEEECCCCCCCCCEEECCCCCCCCCCCEEECCCCCCCCCCCCEEECCCCCCCCCCCEEECCCCCCCCCCEEECCECHHHHHHHHHHHHCHHHEECCCHHHCEHHHCEECCCCCEHHHCCC	True	True	True	True	False	False	11	False
207.1.1.224	5ixq	A	B	4mn8	A	C	False	CCCHHHCE	HHHHHHHHHHHCCECCCHHHHHHCCCHHHCCCEEECCCEEEEECECEHHHHHCCEEECCECEHHHHHCEEECCECEHHHHHCCEEECCECEHHHHHCCEEECCECECCHHHCCCEEECCECEHHHHHCCEEECCECHHHHHCCEEECCCEHHHHHCCCEEECCECEHHHHHCEEECCECEHHHHHCCEEECCECHHHHHCCEEECCCEHHHHHCCEEECCEECCHHHCEEECCEECHHHHHCEEECCCECCCCCCEEECCECHHHHHCCEEECCCHHHHHCCCEEECCEEHHHHHHCEEECCEEEEEHHHHHCCEEECCEEECHHHHHCCEEECCEEEHHHHHCEEECCEEECEHHHHHCEEECCECHHHHHHECEEECCEEHHHCCECEEECCEECHHHHHEEECCCEHHHHHHCCCEEECCECHHHHHCCEEECCCECHHHHCCEEECCECCCCCCCHHHHCCC	True	True	True	True	False	False	22	False
207.1.1.224	5ixq	A	B	5iyv	A	B	False	CC	HHHHHHHHHHHHHHHCCECCCCHHHHHHCCCEEECCCEEEEECCEECHHHHHCCCEEECCEEEEECHHHCCHHHCEEECCEEEEECCHHHHCCCEEECCEEECEHHHHHCCEEECCECHHHHHCCCEEECCEHHHHHCCCEEECCCEEEHHHHHCCCEEECCEEEEHHHHHCCEEECCEECHHHHHCCEEECCCECCCCEEECCEEHHHHHCCEEECCEEEECCCCCCCEEECCEEEECCCCCCCEEECCEECCCHHHCCEEECCEEEHHHHCCEEECCEEEEHHHHHCCEEECCEEEEHHHHHCCEEECCEECHHHHCCCEEECCEECCCCCEEECCEEEEHHHHHCCEEECCEEEEHHHHHCEEECCEEEEEHHHCHHHHHHCCCEEE	True	True	True	False	False	False	12	True
207.1.1.51	5hz1	B	A	5gr9	B	C	False	CC	HHHHHHHHHHHHEEHHHHCCHHHHCCCEEECCCEEEEECCCEEHHHHHCCEEECCCEHHHHHCCCEEECCECCCHHHCCEEECEEEHHHHHCCEEECCEEEEHHHHHCCEEECCEEEEEHHHHHCCEEECCEEECHHHHHCCEEECCEEEHHHHHCCEEECCEEEEHHHHHCCEEECCEEEEHHHHHCCEEECCEEEEHHHHCCCEEECCEECCCCCCCCEEECCCCCCCCCCEEECCEEEHHHHHCCEEECCEEECECCHHHCCEEECCECHHHHHCCEEECECHHHHHCCEEECCCEEECCCEEECCEEECECCHHHCCEEECCECHHHHHCCEEECCCHHHHHCCEEECCEEECHHHHCHHHHCCEEEEHHHCE	True	True	True	False	False	False	12	True
None	None	None	None	None	None	None	None	None	None	None	None	None	None	None	None	None	None
None	None	None	None	None	None	None	None	None	None	None	None	None	None	None	None	None	None
None	None	None	None	None	None	None	None	None	None	None	None	None	None	None	None	None	None
214.1.1.26	4k45	A	B	1d4t	A	B	False	CEEEEE	CCCCECHHHHHHHHHHHCCEEEEEECCCCCEEEEEEECCEEEEEEEEECCCEEEECCCECCHHHHHHHHCCCCCCCCCEE	True	True	True	False	True	False	4	False
216.1.1.4	3p9g	A	B	3r42	A	B	False	ECC	CHHHHHHHHHHHHHHCCHHHHHHHHHHHHHHCCEEEEEEEECCCEEEEEEEEEEEECCCCEEEEEEECCCCCCEEEECCHHHCCCCHHHHHECCCEEHHHHCCCCHHHHHHHHHHHHC	True	True	True	False	False	False	9	True
None	None	None	None	None	None	None	None	None	None	None	None	None	None	None	None	None	None
219.1.1.33	4piq	A	B	4piq	A	B	False	EEEEEEE	HHHHHHHHHHCCCCCEEEEECCCCCCEEEEEECCHHHCEEEEEEECCCCEEEEECCHHHHHHHHHHHHHHHHHHHCCCEEEEEEECEECCCHHHHHHHHHHHHHHCCCCCCCCCHHHCEEHHHCCCCCHHHHHHHHHHHHHHHHHHHHHHHHHHHHHHHCCCHHHH	True	True	True	False	True	False	11	False
220.1.1.20	3so6	A	Q				True	EEEECCCC	EEEEEEEEEEEEECCCHHHHHHHHHHHHHHHHHCCEEEEEEEECCEEEEEECCCEEEEEEHHHEEEEEECCCCCEEEEEEECCCCEEEEEEECCHHHHHHHHHHHHHHHHHHHHHHHCC	True	True	True	False	True	False	14	False
221.1.1.3	3vxw	A	B	3vxw	A	B	False	EE	HHHHCHHHHHHHHHHHHHHCCEEEEEEEECCCCEEEEECCEHHHHHHHHHHHHCCCCEEEECCECCCEHHHHHHHHCCCEEEEEE	True	True	True	False	False	False	6	True
223.1.1.118	4rs9	A	B	4rs9	A	B	False	HHHHHHHHHHHHHHHHC	HHHHHHHHHHHHHHCCEEEEEEEEEEEECCCCEEEEEEEEEEEEEHHHHHHHHHHHHHHHHHHHHHHHHHCCEEECCCHHHHHHHHCCEEEEECHHHHHCCHHHHHHHHCCEEEEEEECCEEEEEEECCHHHHHHHHHHC	True	True	True	True	False	False	22	False
None	None	None	None	None	None	None	None	None	None	None	None	None	None	None	None	None	None
None	None	None	None	None	None	None	None	None	None	None	None	None	None	None	None	None	None
2498.1.1.120	5onp	A	B	5onp	A	B	False	C	EEEEEEEECCCEEEEEEEECCCEECEECCCCCEEEEECCCCCCEEEECCCEECHHHHHHHHHHHHHHHHHHHHHHHHCCCCCEEEEEEECCCEEECCCEEEECCCECHHHHHHHHHHHHHHHHHHCCCCHHHHHHHHHHHHHHHHHHHHHHCCCCEECCCCECCCCCCEECCHHHHCCCHHHCCHHHHHCCCCHHHHHHHHHHHHHEEECCEEEHHHHHHHHHHHHHHCCCHHHHHHHHHHHHHHHHCCCHHHHHHHHHHHHCC	True	True	True	False	False	False	5	True
2498.1.1.122	4ka7	A	C	4ka7	A	C	False	E	CHHHHHHCCCCCCHHHHHHHHHHHHHHHHHHHHHHHHHCCCCCCHHHHHHHHHHHHHHHHHHHHHHHHCHHHHHHHHHHHHHHHHHHHHHHCHHHHHHHHHHHCCCHHHCHHHHHHHHHHHHHHHHCCCCCHHHHHHHHHHHHHHHHHHHHHHHHHHHHHHHEEEHHHHCCHHHHHHHHHHHHHCCCCCCCCEEECCHHHHHHHHHHHHHHHHHHHHHHCCCCHHHHHHHHHHHHHHHHHHHHCCCCHHHHHHCCCCHHHHHHHHHHHHHHHHHHHHHHHHHHHHHHHHCCHHHHCCCCHHHHHHHHHHHHHHHHHHHHEHHHHHHHHHHHHHHHHEEEECCCCCCCCEEEEEECCCEEEEEEEEEECCCCCCEEEEEEECCCCCCCEEEEEEEEECCCEHHHHHHHHHHHHHHHHHHCHHHCCCCCHHHCCHHHHHHHHHHHCHHHHHHHECCCEHHHHHHHHHCCCCCHHHHHHHHHHHHHHHHHHCCCCCCCHHHHHHHHHHHHCCCCHHHHHHHHCCCCCCCCCHHHHHHHHHHHHHHHHHHHCCHHHHHHHHHHHHCCCCCCCCCHHHHHHHHHCCCHHHHHHCC	True	True	True	False	False	False	4	True
2498.1.1.124	1jan	A	I	3ayu	A	B	False	ECEE	EECCCCCEEEEEECCCHHHHHHHHHHHHHHHHCCCCEEEECCCCEEEEEECCCCCCCCCEEEECCCCCCCEEEECCCEECCCCCEEHHHHHHHHHHHHCCEECCCCCCCCECCHHHHHHHHHHH	True	True	True	False	False	False	4	True
2498.1.1.15	4aph	A	P	4aph	A	P	False	EE	HHHHHHHHHHHHHHHHHHHHHHHHHHHHHHCCHHHHHHHHHHHHHHHHHHHHHHHHHCCCHHHCHHHHHHHHHHCHHHHCHHHHHHHHHHHHHHHHHHHHEEECCCEEECCCHHHHHHHHHHHHHHHHHHHHHHCHHHHCCCHHHHHHHHHHHHHHCCCCHHHHHHHHHCCHHHHHHHHHHHCHHHHHHHHHHHHHHHHHHHCCCCCCEECCCCCCCCCCHHHHHHHCCCCHHHHHHHCCHHHHHHHHHHHHHHCCHHHHHHECCCCCEEEECCCCEEEECCHHHHHHHHHHHHHHHHHHHCCCCHHHCCCHHHHHHHHHHHHHHHCCHHHHHHCCCHHHHHHHHHHHHHHHHHHHHHHHHHHHHHHHHHCCCCCCCHHHHHHHHHHHHHEECCCCHHHHCCCCCCCHHHHHHHHHHHHHHHHHHHHCCCHHHCCHHHHHHHHHHHCCCCCCHHHHHHHHHCCCCHHHHHHHHHHHHHHHHHHHHHCCCC	True	True	True	False	False	False	7	True
2498.1.1.16	3boo	A	B	2np0	A	B	False	CCHHHHHHHHHHH	CCCCCCEEEEEHHHCCCCEEEEEEECCEEEEEEECCHHHHCCEECCCCCEEECCCCCHHHHHHHHHHHHHHHHHHCCCHHHHHHHHHHHHCCCCCCEECCCCEEEEECCCCEEEEECEEEEECECCEEEEECCEEHHHCCCEEEECCEEEEECCCCCCCCCCEEHHHHHHHHHHHHHHHHCCCEECCCCEEHHHHHHHCCHHHHCHHHHHHHHHHHHHHHHHHHHHHHHEECCCCHHHHHHHHHHHHCEECCCEEHHHHHHHHHHHHHCCHHHHHHHHCCCCCEEEEEECCCCCCECCCECHHHCCHHHHHHECCCHHHEEECCCEEEEEEEEEEEEEHHHCEEHHHCHHHCEEECCCHHHHCCCCCCCCEEEEECEEEEEECHHHHHHCCCCEEECHHHHHHCCEEECCCHHHHHCCCCHHHHHHHHHHHHHHHHHCCCCCCCCCHHHHHCCCCCCCHHHHHHHHHHHHHCEEECCHHHHHHHHHHHHHHHHHHHHHHHHHHHHHHHHHCHHHHHHHHHHHHHHHHHHHHHHHHHHHHHHHCCCCCCCCHHHHHHHHHHHHHHHHHHHHHHHHHHHHHHHHHHCHHHHHHHHHHHHHHHHHHHHHHHHHCHHHCCCCHHHHHHHHHHHCCCHHHCHHHHHHHHHHHCHHHHEEEEEECCCCEECCCEEEECCEECCCEEECCCCEEEECCCCCEEEEEEEECCCHHHHHHEEEEEEEEECCEEEEEEEECCEEEEEEECCEEEEEEECCCCCCCCCEEEEEEECCEEEEEECCEEEEEEECCCEEEEEEECCCEEEEEEEEECCHHHHHHHHHHHHCEECCCCEECCEEEEECCCCCEEEEECCCCCEEEEEECCCCECCEEEEECCEECCEEEEEEEECCEEEEEEEECCCCEEEEEEECCCEEEEEECCCEEEEEECCCEEEEEEEEEEEECCCEEEEEEEEECHHHHCCCCCCCCCCEEEEECCE	True	True	True	True	False	False	5	False
2498.1.1.2	1qjj	A	B	1qjj	A	B	False	E	ECHHHCHHHEEEEEEECHHHHHHHHHHHHHHHHHCCEEEECCCCEEEEECCCCCEEECCCCEEEEEECCCCCHHHHHHHHHHHHCEHHHCCCHHHCEEEHHHECCHHHHCCECCCCCCCCCECCCCCCCEEECCCCHHHCCHHHHHHHHHHCCCCCC	True	True	True	False	False	False	4	True
2498.1.1.26	3t6j	A	B	3t6j	A	B	False	EE	CHHHCCCEEECHHHHHCHHHHHHHHHHHHHHHHHCCHHHHHHCCHHHHHHHHHHHHHHCHHHHHHHHHHCCHHHHHHHHHHHHHHHHCCCCECCCEECCHHHHHHHHHCCHHHCCCHHHHHHHHCCCHHHHHHHHCECCCCCCECCHHHHHHHHHHHHHCCCCCEEEEEEECCCEEEEEEECCCCCCCHHHHHCEEEECCEEEEEECCHHHHHHHHHHHHHHHCCCCHHHHHHHHHHHHHHHHHHHHHHHHHHHHHCCCEEEEEEEEECCCCCCEEEEEEEEEECCCCHHHHHHHHCHHHHHHHCCCHHHCCCEEEEEEEEEECCCEEEECHHHHHHCEEEEEHHHHCCCCCCCCCHHHHHHHHHHHHHHHHHHHHHHHHCCECCCCCCCCECCCCEECCHHHHHCCCHHHHHHHHHHHHHHHHHCHHHHHHCCCCCHHHHHHHHHHHHHHHHHHHHHHEECCCCEECHHHHHHHHHHHHHHHHCCCEEEEECCCCEEEEECCCCCCCHHHHHHHHHHHHHHHHHCCHHHHHHHHHHHCCCCHHHHHHHHHHCEEEEEEECCEEEECCHHHHHHHHHCCCCCHHHHHHHHHHHHHHHHHH	True	True	True	False	False	False	5	True
2499.1.1.6	1bjr	E	I	1bjr	E	I	False	CCC	EECCHHHHHHCCCCCEECCCCCCEEEEEEECCCHHHCCEEEEEECCCCCCCHHHHHHHHHHCCCCCCCEEEEEECCCCHHHHHHHHHHHHHHHHHCCCEEEEEEEHHHHHHHHHHHHCCEEEEECCCCEHHHEHHHHCCCEEEEEECCCEECCECCCEEEECCEEEEECCCEEEEECHHHHHHHHHHHHHHHHHCCCCCCHHHHHHHCCEECECCCCEE	True	True	True	False	False	False	5	True
None	None	None	None	None	None	None	None	None	None	None	None	None	None	None	None	None	None
None	None	None	None	None	None	None	None	None	None	None	None	None	None	None	None	None	None
284.1.1.2	4odq	A	B	5njx	A	B	False	HHHH	HHHHHHHCEECCCCCEEEEEEEECCECEEEEEEEEECCEEEECCCCCEEEECCCCCCHHHHHHHHHECEEEEEEHHHCCCCCECCCECCEEEEEEEEEEEEECCCCCCEEEEEEECCCCEEEEEEEEEECCEEEEEEEEEEECCHHHHCHHHHHHHCCCCEEEEEECCCCCHHHEHHHCECCEEEEEEEEEEEHHHCHHHHHHHHHHHHHHHHHHHHCCHHHHHHHHHHHHHHHCCCHHHHHHHHHHHHHHHHHHHHHHHHCCHHHHHHHHHHHHHHCCHHHHHHHHHHHHHCCHHHHHHHHHHHHHHCCHHHHHHHHHHHHHHHHHHHHHHHHHHHHHHHHHHCCCCCC	True	True	True	True	False	False	16	False
292.1.1.1	3n2d	A	B	3n2d	A	B	False	C	EEEECCHHHHHHHHHHHHCCCEEEEECCEEEECHHHHEEEEEEECCCEEEEEEECCCCEEEEEEECCEEEECCHHHHHHCCCCCCCEEEECCCCHHHHHHHHCCHHHCECHHHHHHHHHHHCCHHHHHHHHHHHHHHCHHHHHEHHHHHHHHHCCCCEHHHHHHHHHHHHHHHHHHCCCCCCCEEEEEEEEECCCEEEEEECCCHHHHHCEEHHH	True	True	True	False	False	False	6	True
292.2.1.11	3bzi	A	E	1g9i	E	I	False	CCCEECCCC	ECEECCCCCCEEEEECCCEEEEEEEEECCEEEEHHHCCEEEECCCCCCEEEEEEEEEECCECCCCECEEEEECCCCCCECCCCEEEEEECCCCCCCCEEEEEEEHHHHHHHCCCCCCEEEECCCCECCCCEEEECCEEEEEEEEECCCCECCEEEEEEHHHHHHHHHHHHHC	True	True	True	False	False	False	9	True
304.136.1.2	6e3d	A	B	6e3d	A	B	False	E	CEEEEECCCHHHEHHHHHHHHHHCEEECCCEEECCEEEEECCCCEEEEEECCECCCEHHHHHHHHHHHHHHHCCHHHHCCECCHHHHCCCCCCCCCCEEEEECCEEEEEECCCCCCHHHHCHHHHHHHHHHHHHHCCCEEECCCCEECCCEEEEEECCCCCCCCEEEEECHHHHHHHHHHCCCEECCHHHCCCHHHHHHHHEEEEEEEEEEEEECCCCCCHHHHHHHHHHHHHCHHHHHHHCCCCEEECCCCCCCCCCCCCHHHHCHHHHHHHHHHHHHHCCEEEEEEEHHHCHHHHHHHHHHHHHHHCEEEEEEECHHHHHHHHHCCCEEEEEECCCHHHHCHHHHCCCCCCHHHHHHHHHHHCCCHHHHHHHHHHHHHHHHHHCCEEEEEEEEEEEECCEEECCCEHHHEE	True	True	True	False	False	False	4	True
304.9.1.110	6n3e	A	B	6n3e	A	B	False	EC	EEEEECCHHHHCCCCHHHHHHHHHHHHHCCCCEEEEEEECCCCEEEEEECCHHHHHHHHHHHCCEECCEEEEEECC	True	True	True	False	False	False	7	True
3070.2.1.1	4cu4	A	B	4cu4	A	B	False	EEEEEECCCCCE	CHHHHHHCHHHEECCCCCEEHHHCCEEEEEHHHHHHHCCHHHHCCCCCCEECCCCCCEECCEHHHEEECCEEECCEHHHEEEEEEEECHHHHCCCCEEEEEEECCEEEEEEEEECCCEEEEEEEEEEECCCCCCEEEEEEEEEEEEECCCCEEEEEEEEEEEEEEEECCEEEEEEEEEEEECECECCCECCCCCCCCEEEEEEEEEEEEEEEECCCEEEEEEEEEEEEEEEEEEEEEEEECCCHHHCCHHHHHCCCCHHHEEEEEEEEEEEEEEEEEEEEEEEEEEEECCEEEEEEEEEEEEEEEEEEEEEEEEEEEEEEEECCCCCCCEEEEEEEEEEEEEEEEEEEEEEECCEEEEEEEEEEEEEEEEEECCCCEEEEEEEEEEEEEEEEEECCCEEEEEEEEEEEEECCCCEEEEEEEEEEEEECCCCEEEEEEEEEEEEEEEEEECCCCEEEEEEEEEEEEEEEEEEECCCEEEEEEEEEEEEEEEECCCCCCCCEEEEEEEEEEECCCCCCEEEEEEEEEEEECCCCCEEEEEEEEEEEEEHHHHCCCEEEEEEECCCEEEEEECCEEEEEEEEEEEEE	True	True	True	False	True	False	6	False
308.1.1.1	2w9r	A	B	3dnj	A	C	False	E	EEEEEECCCEHHHHHHHHHHHHHHHHHHHHHHHHHHCEEEEEEEHHHHHHHHHHHHHHHHHCCEEEEE	True	True	True	False	False	False	11	True
3156.1.1.10	3n55	A	B	3n55	A	B	False	EEEE	EEEEEEEEEEECCEEEEEEECCCEEEEECCEEEEEEEEECCCEEEEEEECCCCCCCCEEEECCCCEEEEEECEEEEEEEEEECCCCEE	False	True	False	False	True	False	9	False
317.1.1.2	1wkw	A	B	2v8x	A	B	False	HHHHHHC	CEEEEEEEEEEEECCCHHHHEEEEEEEEEHHHHHHHHCCCHHHCCCEEEEEEECCCCCCCCCCCCCEEEEEECCHHHHCHHHHHHHHHHHHHCCCCHHHHHHEEEEEEECCEEEEEECCCHHHHHHHHHHHHHHHCCCEEEEHHHHCCEE	True	True	True	True	False	False	14	False
320.4.1.1	2hpl	A	B				True	C	HHHHHHCCCHHHHHHHHHHHHHHHHHHHHCCHHHHEEECCHHHHHHCCCCCCHHHHHHHHCEECCEEECCHHHHHHHHHHHHHHH	True	True	True	False	False	False	5	True
3285.1.1.1	5lm1	A	B	5lm1	A	B	False	HHH	HHHHHHHHHHHHHHHHHHHHHHHHHHHHHHHHHHHHHHHHHHCHHHHHHHHHCCCCCCHHHHHHHHHHHHHHHHHHHHHHHHHHHHHHHHHHHHHHHHHHHHHHHHHHHHHHHHHHHHHHHHHHHHHHHHHHHHHHHHHHHHHHHHHCHHHHHHHCHHHHHHHHHHHHHHHHHHHHHHHHHHHHHHHHHHHHHHHHHCCCCCCCHHHHHHHHHHHHHHHHHHHHHHHHHHHHHHHHHHHHHHHHHHHHHHHHHHHHHHHHHHHHHHHHHHHHHHHHHHHHHHHHHHHHHHHHHHHHHHHHHHHHHHHHHHHHHHHH	True	False	False	True	False	False	20	False
None	None	None	None	None	None	None	None	None	None	None	None	None	None	None	None	None	None
3705.1.1.1	4k0u	A	B	4k0u	A	B	False	HHHHHHHHHHHH	HHHHHHHHHHHHHHHHHHHHCCCCCHHHHHHHHHHHHHHCCHHHCCHHHHHHHHHHHHHCCCHHHHHHHHHHHCHHHHHHHCC	True	False	False	True	False	False	15	False
None	None	None	None	None	None	None	None	None	None	None	None	None	None	None	None	None	None
372.1.1.1	1d5d	B	A	1ssc	A	B	False	EEEEEEEE	HHHHHHHHHECCCCCCCHHHHHHHHCCCCCCCCEEEEECHHHHHHHHHCEEECCCCEEECCEEEEEEEECCECCEEEEEEEEEEEEEEE	True	True	True	False	True	False	11	False
376.1.3.4	3v43	A	Q	6mlc	A	E	False	EEE	EECCCCEECCECCEHHHHCCCECCCECCEEEECCCEEECHHHCCHHHHHHHHHHCCC	True	True	True	False	True	False	20	False
376.1.3.50	3shb	A	B	3ask	A	P	False	ECCCCC	CCCEEEEECCCEEEEEEEEEEEEEEEEEECCHHHEEEEEHHHEEEEHHHCCEEEEEECCCCCCEEEEEEEEEEEECCEEEEEEEECCCEEEEEEECCCECCCCCCCCCCCCCCCCCCCCCEECCCEECCCCCHHH	True	True	True	False	False	False	10	True
376.1.3.7	5yvx	A	C	4fwf	A	E	False	HHHCC	CCCCCCCECCCCCEEEECCEEEHHHHHHHHCCCCCCHHHHHHHHHHHHHHCCHHHHHHHHCCEEECCCCCEEECCHHHHHCCCCCCCHHHHCCCCCCCCCCCECCCCHHHHCCCHHHHCECCCCCCCCCECCCCECCCHHHHHHHHHCCHHHHHHHHHHHHHHHHCCCCHHHHHHHCCHHHHHHHHHHHHHHHHHHCCCCCCCCCCCHHHCEEEEECHHHHHHHHHHHHHCEEEEECCCCCCCEECCCCEECCEEECCHHHHHHHHCCEEECEEECCCEHHHHHHHHHHHHHHHHHHHHHCCCHHHEHHHHHHHHHHHHHHHHHHHHHHHHHHHHHHHHHHCCCCCEECCCCCHHHHCCEEEECCHHHHHHHHHCCEECEEEEECCCCEEEEECCEEEECEEEEHHHHHHCCEEECHHHHHHHHHEEEEEEEEEECCCCHHHHCCCEEEEECCHHHCCEEEEEEECCCCEEEEEECHHHHCCCCCHHHHHHHHHHHHHHHCCCCCEEEEHHHCCCCEEEEECCCHHHHHHHECCCEEECHHHCCCCCHHHHHHHHHHHHHHHH	True	True	True	True	False	False	20	False
381.1.1.1	3uec	A	B				True	EE	CCCHHHCHHHHHHCCCCCCCCCHHHHHHCCEEECCCCEEECCCEEECCHHHHHHHHCCHHHHCHHHCHHHHHHHHHHHHHHHHHHHHHHHHHHHHHHHHHHHHHHHHHHC	True	True	True	False	False	False	4	True
None	None	None	None	None	None	None	None	None	None	None	None	None	None	None	None	None	None
4.8.1.3	4o42	A	B	4quf	D	T	False	EEE	EEEEEEEEEEEEECCEEEEEEEECCCHHHEEEEHHHHHHHHHHHHHHHHHHHC	True	True	True	False	True	False	15	False
4059.1.1.3	1jrr	A	P	1jrr	A	P	False	EEEEEEEEEEEE	CCHHHHHHHHHHHHHHHHHCCCCEEEHHHHHHHHHHHHHHHHHHHHHHHHHCHHHHHHHHHHHHHCCEEEEEEEEEEECCHHHHHHHHHHHEEEHHHHHHHHHHHHHHHHHHHCCCCCCCCCCCEEEEEEEEEEEEECCEEEEEEECCEEEEEEEEEEEEEEEEEHHHCEEEEEEEECCCEEEEEEEECCCHHHHHHHHHHHHHHCCCCCEEEEEEEEEEEEEEEEEEHHHHHHHCHHHCCCCCCCCEEEEEEEEEEEEEECECEEECEEEEEEECCCCEEEEEEEE	True	True	True	False	True	False	15	False
4302.1.1.2	4xal	A	B	4xal	A	B	False	EEEE	CCCCCCCCCHHHHHHHHHHHHHHHHHHHHHHHHHHHHHHHHHHCHHHHHHHHHHEEEEHHHHHHHHHH	True	True	True	False	True	False	6	False
5.1.3.16	2dyh	A	B				True	CCCC	CEEEEEECCCEEEEECCCEEECCECEEEEECCEEEEEEECCEEEEEEECCCCEEEECCECEEEEECCEEEEEEECCEEEEEEECCCCEEEEECCECEEEEECCEEEEEEEECCEEEEEEEEEHHHCEEEEECCECEEEEECCEEEEEECCCEEEEEECCCCEEEECCECEEEEECCEEEEEECCCEEEEEEECCCCEEEEEEECCECEEEEECCEE	True	True	True	False	False	False	15	True
5.1.4.312	5kwn	A	U	3v7d	B	E	False	C	HHHHCHHHHHHHHCCCHHHHHHHHCCHHHHHHHCCHHHHHHHHHHCCCCCCHHHHHHHHHHHCCCHHHHHHHHHHHHHHHHHHHHCCEEEEEECCCEEEEEEECCEEEEEECCCEEEEECCCCEEEEEECCEEEEEECCCEEEEEECCCEEEEECCCCEEEEEECCEEEEEEEECCCEEEEEEECCCEEEEECCEEECHHHCCEEEEECCEEEEEEECCEEEEEECCCEEEEECCCCEEEEEECCEEEEEEECCCCEEEEEECCCEEEEECCCCEEEEEECCEEEEEECCEEEEEECCCEEEEEECCCEEEEEECCEEEEEECCEEEEEECCEEEEEECCCEEECCCCCCEEEEEEEECCEEEEEEEECCEEEEEEEE	True	True	True	False	False	False	11	True
5.1.4.320	2xyi	A	B	2xyi	A	B	False	HHHHHHHHHCC	HHHHHHHHHHHHHHHHHHHHHHHHEEEEEEEECCCEEECEECCCEEEEEEEECCCEEEEEEEEEEEEEEEEEEECCCEEEEECCEEEEEEEECCCEEEEEHHHCCCCCCEEEECCEEECCCCCEEEEECCCEEEEECCCEHHHEEECEEECCEEEEEECCCCEEEEEECCCEEEEEECCCCCCCEEEECCEEEEEECCCCEEEEEECCCEEEEEECCCCCCEEEECCEEEEEECCCCEEEEEECCCEEEEHHHCCHHHHHHCCEEEECCEEEEEECCCCCEEEEEECCCEEEEEEEHHHH	True	True	True	True	False	False	20	False
5.1.4.328	4cy3	A	D	4cy3	A	D	False	HHHC	EEEEEECCEEEEEECCCCEEEEEECCCEEEEECCCEEEEECCEEEEEECCCCEEEEEECCCEEEEEECCCEEEEEECCEEEEEECCCCEEEEEECCCEEEEECCCEEEEECCEEEEEECCCCEEEEEECCCEEEEECCCEEEEECCEEEEEECCCCEEEEECCCEEEEEECCCCEEEEEECCCCCEEEECCCEEEECCCEEEEECCCEEEEECCEEEEEECCCCEEEEEECCCEEEEE	False	True	False	True	False	False	16	False
5.1.4.332	2cnx	A	P				True	CC	EEEEEECCEEEEEECCCCEEEEEECCCEEEEEECCCEEEEEECCEEEEEECCCCEEEEEECCCEEEEEECCCCEEEEEEECCEEEEEECCCCEEEEEECCCEEEEECCCEEEEECCEEEEEECCCCEEEEEECCCEEEEECCCEEEEEECCEEEEEECCCCEEEEEECCCEEEEEECCCCEEEEEECCCCCEEEECCCEEEECCCEEEEECCCEEEEECCEEEEEECCCCEEEEEECCCEEEEE	False	True	False	False	False	False	5	True
5.1.4.46	3iiw	A	B	4j86	B	D	False	HHHH	EEEEEEECEEEEEECCCCEEEEEECCCEEEEEECCCCEEEEEEECCEEEEEEEHHHCEEEEEECCCEEEEEECCCEEEEEECCEEEEEECCCCEEEEEECCCEEEEEHHHCCEEEEEECCEEEEEECCCCEEEEEECCCEEEEEECCCCCEEEECCEEEECCCEEEEECCCEEEEEECCCEEEEEECCEEEEEECCCCEEEEEECCCEEEEEECCCEEEEEECCCEEEEEECCHHHEEEEEECCEEEEEE	True	True	True	True	False	False	6	False
5000.3.1.12	4zif	A	B	6qg8	A	B	False	HHHHHHHHHHHHHHHHH	HHHHHHHHHHHHHCCCHHHHHHHHHHHHHHHHHCHHHHHHHHHHHHHHHHHHHHHHHHHCCCHHHHHHHHHHHHHHHHHHHHCCCCHHHHHHHHHHHHHHHHCHHHHHCCCHHHHHHHHH	True	False	False	True	False	False	24	False
5001.1.1.32	2x72	A	B	2x72	A	B	False	HHHHHHHC	EEECCEEECCHHHCCCCCCCCCHHHHHHHHHHHHHHHHHHHHHHHHHHHHHHHHHHCHHHHHHHHHHHHHHHHHHHCHHHHHHHHCCCCCCHHHHHHHHHHHHHHHHHHHHHHHHHHHHHHHHHHHCCCHHHHHHHHHHHHHHHHHHHCHHHHCCCEEEECCCCEEEECCCCCCHHHHHHHHHHHHCHHHHHHHHHHHHHHHHHHHHHHHCCCCHHHHHHHHHHHHHHHHHHHHHHHHHHHHHHHHHHHHCCCCHHHHHHHHHHHHCHHHHHHHHHCCCCHHHHHHHHHHHCCC	True	True	True	True	False	False	11	False
5081.1.1.1	4qnz	A	B	6pj8	A	B	False	EE	HHHHHHHHHHHHHHHHHHHHHHHHHHHHCCCHHHHHCCHHHHHHHCCHHHHHHHHHHHHHHHHHHHHHHHHHHHHHHHHHHHHHHHHHHHHHHCEECHHHHHHHHHHHHHHHHHHHHCHHHHHHHHHHHHHHHCCHHHEHHHHHHHHHHHHHHHHHHCC	True	False	False	False	False	False	6	True
5084.2.1.1	4dcb	A	F	4dcb	A	F	False	CCC	HHHEEEEEEEEEEEEEEEEEEECCCEEEEEEEEEEEEEEEEEEEEEEEECCEEEEEEEEEECCEEEEEEEEECCCCCEEEEEEEEEEEEEEEEEEEEEEEEEECCEEEEEEEEEEEEEEEEEEECEEEECCCCEEEECCEEEEEEEEEEEEEEEEEEEEEECCEEEEEEEEEEEEEEEEEEEEECCCCEEEEEEEEEEEEEEEEEEEEEECCCCEEEEEEEEEEEEEEEEEEEEEEEEEEEEEEEEEE	True	True	True	False	False	False	11	True
601.1.1.21	1ydi	A	B	6fq4	A	B	False	HHHHHHHHHHHH	CEHHHHHHHHHHHHHHHHHHHHHHCCCCHHHHHHHHHHHHHHHHHHHHHHHCCCHHHHHHHHHHHHHHHHHHHHHHHHHHHHHCCHHHHHHHHHHHHHHHHHHHHHHHHHHHHHHHHHHHHHHHHHHHHHCCCCCHHHHHHHHHHHHHHHHHHHHHHHHHHHHECHHHHHHHHHHHHHHHHHHHHHHHHHHHHHHHHCCCCHHHHHHHHHHHHHHHHHHHHHHHHHCC	True	False	False	True	False	False	20	False
None	None	None	None	None	None	None	None	None	None	None	None	None	None	None	None	None	None
633.3.1.1	5twg	A	E	4j1v	A	E	False	E	CCCCCCCHHHHHHHHHHHHHHHHHHHHHHHHHHCCCCCECCCCECEEHHHHHHHHHHHHHHHHCCCCCCCCCCHHHHHHHHHHHHHHHHHHHHHHCHHHHHHCCHHHHHHHHHHHHHHHHHHCCHHHHHHHHHHHHHH	True	False	False	False	False	False	20	True
None	None	None	None	None	None	None	None	None	None	None	None	None	None	None	None	None	None
7.1.1.2	4k75	A	B				True	EEE	EEEEEEECCCEEEEEEHHHCEEEEEEEECCCHHHHHCCEEEEEECCEECCHHHHHHHHHHEEEEEEEEE	True	True	True	False	True	False	10	False
70.3.1.21	5vac	A	C	5vac	A	C	False	EEECCC	ECCHHHHHHHHHHHHHHHHHCCEECCEECCCEHHHHHHECCEHHHHHHHHHHHHHHHHCCEEEEEECCCEEEEEECCECCEEEEECEEEEHHHCCCEEEEEECCHHHEEEECCCEEHHHHEECCCCCHHHHEEEEEEEECCEEEEEEEECCECCEEECECCCCC	True	True	True	False	True	False	19	False
75.1.1.6	1cwa	A	C				True	ECCC	EEEEEEEECCEEEEEEEEEECCCHHHHHHHHHHHHCCCCCCCEEEEEECCCEEEECCCCCCCCCCCECCCCEEEEECCCCECEEEECCHHHCCCCEEEEEEEHHHHHHHHCCCCCCCEEEEEEEE	True	True	True	False	False	False	11	True
7568.1.1.1	1t15	A	B	6j0x	A	E	False	EEECCHHH	CCCCCEEEEECHHHHHHHHHHHHHHHHCCCEEEEEHHHCCCCHHHHHHHHCCEEECCCCHHHHHCCCEEHHHHHHHHHHCCCHHHCCCCCCEEEECCCCHHHHHHHHHHHHHCCEECCEECCEEECCCCHHHHHHHHHEEECHHHHHHHHHCHHHHHHCECCCHHHHHHHHHHHHCCCCCCCCCCCCCCEEEECCCHHHHHHHHHHHHHCCEEEECCCHHHHHHHCCCEEECECCHHHHHHHHHCCEEEHHHHHHHHHHCCHHHCHHHCECCCEEEEECCHHHHHHHHHHHHHCEECCCCCEEEECCCCHHHHHHHHHCCCCCEEECHHHHHHHHHCCCCCHHHCHHHHHHCCCCC	True	True	True	True	True	True	16	False
None	None	None	None	None	None	None	None	None	None	None	None	None	None	None	None	None	None
7575.1.1.3	2j30	A	B	2j30	A	B	False	EE	ECCEEEEEEEEEHHHCCCHHHHHHHHHHHHHHCCEEEEEECHHHHHHHHHHHHCCCCEEEEEEEEECEECCEEEECCEEEEHHHHHHCCCCCCHHHCCCEEEEEECCCCEECCCCCEEEEECCCCEEEECCCEEHHHHHHHHHHHHHCCCCHHHHHHHHHHHHHHHCCHHHCCEEEEECCECC	True	True	True	False	False	False	6	True
None	None	None	None	None	None	None	None	None	None	None	None	None	None	None	None	None	None
None	None	None	None	None	None	None	None	None	None	None	None	None	None	None	None	None	None
859.1.1.2	5xpu	A	B	4tzm	A	C	False	EEEECCEEE	CCCCCCCCCHHHCCCCCHHHHHHHHHHHHHHHHHHHHHHCCCCHHHEEEEECCCCEEEEECCCHHHHHHHHHHHHHHHHHHHCEEEEEEEEECCCCCECEEEEEEEEEEECCCCEECCHHHHHHHHHHHHHHHHHHHHHHHHHHHCCCCEEEEEEEEECCCCCCCEEEECECCEEEEEEEECCEEEEEEEEECC	True	True	True	False	True	False	16	False
864.1.1.6	2p2t	A	C	1cmi	A	C	False	EEEEEEEEE	EEEEECHHHHHHHHHHHHHHHHHECCHHHHHHHHHHHHHHHHCEEEEEECEEEEEEEEECCEEEEEECCEEEEEEE	True	True	True	False	True	False	13	False
877.1.1.15	1h6w	A	B	1h6w	A	B	False	EEEEE	HHHHCCCECCCEEEECCCCECCECCEEECCCCCCCCCCCCCCEECCEEHHHHHHHCCCEEEECCCCCCEEECECECCCHHHHHHHCCCCCECCCEEE	True	True	True	False	True	False	10	False
None	None	None	None	None	None	None	None	None	None	None	None	None	None	None	None	None	None
9.2.1	6cct	A	B	6cct	A	B	False	E	EEEEEEEEECCEEEEEEEEEEEEEHHHCEEEEEEEEECCCCCCEEEEEEEEEECCCCCECCEHHHHHHHHCCHHHHHCCCCCCHHHHHCCCEEEEEEEEEEECECEEEEEEECCCCEEEEEEECCCCEEEEEE	True	True	True	False	False	False	4	True
9.2.1.1	1rsu	B	P	4z2o	A	P	False	EECECCE	CCCCCCCCEEEEECCCEEEEEEEECCCCCEEEEEEEEECCCCCCEEEEEEEECCCCEEEEEEEEECCEEEEEEEEEEEEEECCCCEEEEEEEEEEEECCEEEEEEEEEEEEEE	False	True	False	False	False	False	12	True
904.2.1.1	3nih	A	B	3nih	A	B	False	E	CCCECCEEEEECCCECCCCECCCHHHCCCEEEEECCCEECCHHHECCHHH	True	True	True	False	False	False	5	True
