dataset	ecod_family_id	pdb_id	receptor_chain	peptide_chain	receptor_sequence	peptide_sequence	run_type	rmsBB_if	rmsALL_if	rmsBB_CAPRI_if	pdb_release_date
Motif	11.10.1.2	1czy	C	E	AMADLEQKVLEMEASTYDGVFIWKISDFPRKRQEAVAGRIPAIFSPAFYTSRYGYKMCLRIYLNGDGTGRGTHLSLFFVVMKGPNDALLRWPFNQKVTLMLLDQNNREHVIDAFRPDVTSSSFQRPVNDMNIASGCPLFCPVSKMEAKNSYVRDDAIFIKAIVDLTGL	PQQATDD	linker	0.99	1.42	0.49	09/07/99
Motif	11.10.1.2	1czy	C	E	AMADLEQKVLEMEASTYDGVFIWKISDFPRKRQEAVAGRIPAIFSPAFYTSRYGYKMCLRIYLNGDGTGRGTHLSLFFVVMKGPNDALLRWPFNQKVTLMLLDQNNREHVIDAFRPDVTSSSFQRPVNDMNIASGCPLFCPVSKMEAKNSYVRDDAIFIKAIVDLTGL	PQQATDD	sep	2.36	3.6	1.1	09/07/99
Motif	64.1.1.1	1eg4	A	P	GPASQHFLSTSVQGPWERAISPNKVPYYINHETQTTCWDHPKMTELYQSLADLNNVRFSAYRTAMKLRRLQKALCLDLLSLSAACDALDQHNLKQNDQPMDILQIINCLTTIYDRLEQEHNNLVNVPLCVDMCLNWLLNVYDTGRTGRIRVLSFKTGIISLCKAHLEDKYRYLFKQVASSTGFCDQRRLGLLLHDSIQIPRQLGEVASFGGSNIEPSVRSCFQFANNKPEIEAALFLDWMRLEPQSMVWLPVLHRVAAAET	KNMTPYRSPPPYVPP	linker	10.63	11.31	4.32	02/11/00
Motif	64.1.1.1	1eg4	A	P	GPASQHFLSTSVQGPWERAISPNKVPYYINHETQTTCWDHPKMTELYQSLADLNNVRFSAYRTAMKLRRLQKALCLDLLSLSAACDALDQHNLKQNDQPMDILQIINCLTTIYDRLEQEHNNLVNVPLCVDMCLNWLLNVYDTGRTGRIRVLSFKTGIISLCKAHLEDKYRYLFKQVASSTGFCDQRRLGLLLHDSIQIPRQLGEVASFGGSNIEPSVRSCFQFANNKPEIEAALFLDWMRLEPQSMVWLPVLHRVAAAET	KNMTPYRSPPPYVPP	sep	1.86	3.11	1.05	02/11/00
Motif	109.4.1.1242	1elw	A	C	MEQVNELKEKGNKALSVGNIDDALQCYSEAIKLDPHNHVLYSNRSAAYAKKGDYQKAYEDGCKTVDLKPDWGKGYSRKAAALEFLNRFEEAKRTYEEGLKHEANNPQLKEGLQNMEAR	GPTIEEVD	linker	0.44	1.09	0.3	03/14/00
Motif	109.4.1.1242	1elw	A	C	MEQVNELKEKGNKALSVGNIDDALQCYSEAIKLDPHNHVLYSNRSAAYAKKGDYQKAYEDGCKTVDLKPDWGKGYSRKAAALEFLNRFEEAKRTYEEGLKHEANNPQLKEGLQNMEAR	GPTIEEVD	sep	2.41	3.43	1.19	03/14/00
Motif	381.1.1.1	1jd5	A	B	DVQPETCRPSAASGNYFPQYPEYAIETARLRTFEAWPRNLKQKPHQLAEAGFFYTGVGDRVRCFSCGGGLMDWNDNDEPWEQHALWLSQCRFVKLMKGQLYIDTVAAKPVLAEEKEESTSIGGD	AIAYFIPDQA	linker	3.36	5.43	6.02	06/12/01
Motif	381.1.1.1	1jd5	A	B	DVQPETCRPSAASGNYFPQYPEYAIETARLRTFEAWPRNLKQKPHQLAEAGFFYTGVGDRVRCFSCGGGLMDWNDNDEPWEQHALWLSQCRFVKLMKGQLYIDTVAAKPVLAEEKEESTSIGGD	AIAYFIPDQA	sep	0.74	1.21	4.49	06/12/01
Motif	109.4.1.131	1jwg	B	D	MEPAMEPETLEARINRATNPLNKELDWASINGFCEQLNEDFEGPPLATRLLAHKIQSPQEWEAIQALTVLETCMKSCGKRFHDEVGKFRFLNELIKVVSPKYLGSRTSEKVKNKILELLYSWTVGLPEEVKIAEAYQMLKKQGIVKS	SFHDDSDEDLLHI	linker	1.16	2.89	0.56	09/04/01
Motif	109.4.1.131	1jwg	B	D	MEPAMEPETLEARINRATNPLNKELDWASINGFCEQLNEDFEGPPLATRLLAHKIQSPQEWEAIQALTVLETCMKSCGKRFHDEVGKFRFLNELIKVVSPKYLGSRTSEKVKNKILELLYSWTVGLPEEVKIAEAYQMLKKQGIVKS	SFHDDSDEDLLHI	sep	1.11	2.78	0.53	09/04/01
Motif	7.1.1.2	1mfg	A	B	GSMEIRVRVEKDPELGFSISGGVGGRGNPFRPDDDGIFVTRVQPEGPASKLLQPGDKIIQANGYSFINIEHGQAVSLLKTFQNTVELIIVREVSS	EYLGLDVPV	linker	4.23	4.24	2.41	08/10/02
Motif	7.1.1.2	1mfg	A	B	GSMEIRVRVEKDPELGFSISGGVGGRGNPFRPDDDGIFVTRVQPEGPASKLLQPGDKIIQANGYSFINIEHGQAVSLLKTFQNTVELIIVREVSS	EYLGLDVPV	sep	8.83	9.89	4.24	08/10/02
Motif	220.1.1.20	1ntv	A	B	GQDRSEATLIKRFKGEGVRYKAKLIGIDEVSAARGDKLCQDSMMKLKGVVAGARSKGEHKQKIFLTISFGGIKIFDEKTGALQHHHAVHEISYIAKDITDHRAFGYVCGKEGNHRFVAIKTAQAAEPVILDLRDLFQLIYELKQREELEKKA	NFDNPVYRKT	linker	14.74	15.32	8.08	01/30/03
Motif	220.1.1.20	1ntv	A	B	GQDRSEATLIKRFKGEGVRYKAKLIGIDEVSAARGDKLCQDSMMKLKGVVAGARSKGEHKQKIFLTISFGGIKIFDEKTGALQHHHAVHEISYIAKDITDHRAFGYVCGKEGNHRFVAIKTAQAAEPVILDLRDLFQLIYELKQREELEKKA	NFDNPVYRKT	sep	0.55	1.61	0.4	01/30/03
Motif	227.1.1.17	1rxz	A	B	MIDVIMTGELLKTVTRAIVALVSEARIHFLEKGLHSRAVDPANVAMVIVDIPKDSFEVYNIDEEKTIGVDMDRIFDISKSISTKDLVELIVEDESTLKVKFGSVEYKVALIDPSAIRKEPRIPELELPAKIVMDAGEFKKAIAAADKISDQVIFRSDKEGFRIEAKGDVDSIVFHMTETELIEFNGGEARSMFSVDYLKEFCKVAGSGDLLTIHLGTNYPVRLVFELVGGRAKVEYILAPRIESE	KSTQATLERWF	linker	1.08	1.65	0.58	12/18/03
Motif	227.1.1.17	1rxz	A	B	MIDVIMTGELLKTVTRAIVALVSEARIHFLEKGLHSRAVDPANVAMVIVDIPKDSFEVYNIDEEKTIGVDMDRIFDISKSISTKDLVELIVEDESTLKVKFGSVEYKVALIDPSAIRKEPRIPELELPAKIVMDAGEFKKAIAAADKISDQVIFRSDKEGFRIEAKGDVDSIVFHMTETELIEFNGGEARSMFSVDYLKEFCKVAGSGDLLTIHLGTNYPVRLVFELVGGRAKVEYILAPRIESE	KSTQATLERWF	sep	1.07	1.68	0.57	12/18/03
Motif	4.1.1.116	1ssh	A	B	GSSPKAVALYSFAGEESGDLPFRKGDVITILKKSDSQNDWWTGRVNGREGIFPANYVELV	EGPPPAMPARPT	linker	0.91	1.04	0.46	03/24/04
Motif	4.1.1.116	1ssh	A	B	GSSPKAVALYSFAGEESGDLPFRKGDVITILKKSDSQNDWWTGRVNGREGIFPANYVELV	EGPPPAMPARPT	sep	0.97	1.04	0.48	03/24/04
Motif	5.1.3.16	1x2r	A	B	TLHKPTQAVPCRAPKVGRLIYTAGGYFRQSLSYLEAYNPSNGSWLRLADLQVPRSGLAGCVVGGLLYAVGGRNNSPDGNTDSSALDCYNPMTNQWSPCASMSVPRNRIGVGVIDGHIYAVGGSHGCIHHSSVERYEPERDEWHLVAPMLTRRIGVGVAVLNRLLYAVGGFDGTNRLNSAECYYPERNEWRMITPMNTIRSGAGVCVLHNCIYAAGGYDGQDQLNSVERYDVETETWTFVAPMRHHRSALGITVHQGKIYVLGGYDGHTFLDSVECYDPDSDTWSEVTRMTSGRSGVGVAVTMEPCRKQIDQQNCTC	LDEETGEFL	linker	0.99	1.96	0.52	04/26/05
Motif	5.1.3.16	1x2r	A	B	TLHKPTQAVPCRAPKVGRLIYTAGGYFRQSLSYLEAYNPSNGSWLRLADLQVPRSGLAGCVVGGLLYAVGGRNNSPDGNTDSSALDCYNPMTNQWSPCASMSVPRNRIGVGVIDGHIYAVGGSHGCIHHSSVERYEPERDEWHLVAPMLTRRIGVGVAVLNRLLYAVGGFDGTNRLNSAECYYPERNEWRMITPMNTIRSGAGVCVLHNCIYAAGGYDGQDQLNSVERYDVETETWTFVAPMRHHRSALGITVHQGKIYVLGGYDGHTFLDSVECYDPDSDTWSEVTRMTSGRSGVGVAVTMEPCRKQIDQQNCTC	LDEETGEFL	sep	5.18	6.34	2.46	04/26/05
Motif	188.1.1.8	2a3i	A	B	RALTPSPVMVLENIEPEIVYAGYDSSKPDTAENLLSTLNRLAGKQMIQVVKWAKVLPGFKNLPLEDQITLIQYSWMSLSSFALSWRSYKHTNSQFLYFAPDLVFNEEKMHQSAMYELCQGMHQISLQFVRLQLTFEEYTIMKVLLLLSTIPKDGLKSQAAFEEMRTNYIKELRKMVTKCPNNSGQSWQRFYQLTKLLDSMHDLVSDLLEFCFYTFRESHALKVEFPAMLVEIISDQLPKVESGNAKPLYFHRK	QQKSLLQQLLTE	linker	0.65	0.99	0.34	06/24/05
Motif	188.1.1.8	2a3i	A	B	RALTPSPVMVLENIEPEIVYAGYDSSKPDTAENLLSTLNRLAGKQMIQVVKWAKVLPGFKNLPLEDQITLIQYSWMSLSSFALSWRSYKHTNSQFLYFAPDLVFNEEKMHQSAMYELCQGMHQISLQFVRLQLTFEEYTIMKVLLLLSTIPKDGLKSQAAFEEMRTNYIKELRKMVTKCPNNSGQSWQRFYQLTKLLDSMHDLVSDLLEFCFYTFRESHALKVEFPAMLVEIISDQLPKVESGNAKPLYFHRK	QQKSLLQQLLTE	sep	0.61	1.01	0.34	06/24/05
Motif	101.1.10.3	2cch	D	F	NEVPDYHEDIHTYLREMEVKCKPKVGYMKKQPDITNSMRAILVDWLVEVGEEYKLQNETLHLAVNYIDRFLSSMSVLRGKLQLVGTAAMLLASKFEEIYPPEVAEFVYITDDTYTKKQVLRMEHLVLKVLTFDLAAPTVNQFLTQYFLHQQPANCKVESLAMFLGELSLIDADPYLKYLPSVIAGAAFHLALYTVTGQSWPESLIRKTGYTLESLKPCLMDLHQTYLKAPQHAQQSIREKYKNSKYHGVSLLNPPETLNL	HTLKGRRLVFDN	linker	2.17	3.97	1.18	01/16/06
Motif	101.1.10.3	2cch	D	F	NEVPDYHEDIHTYLREMEVKCKPKVGYMKKQPDITNSMRAILVDWLVEVGEEYKLQNETLHLAVNYIDRFLSSMSVLRGKLQLVGTAAMLLASKFEEIYPPEVAEFVYITDDTYTKKQVLRMEHLVLKVLTFDLAAPTVNQFLTQYFLHQQPANCKVESLAMFLGELSLIDADPYLKYLPSVIAGAAFHLALYTVTGQSWPESLIRKTGYTLESLKPCLMDLHQTYLKAPQHAQQSIREKYKNSKYHGVSLLNPPETLNL	HTLKGRRLVFDN	sep	2.12	3.91	1.17	01/16/06
non-motif	75.1.1.6	1awr	C	I	VNPTVFFDIAVDGEPLGRVSFELFADKVPKTAENFRALSTGEKGFGYKGSCFHRIIPGFMCQGGDFTRHNGTGGKSIYGEKFEDENFILKHTGPGILSMANAGPNTNGSQFFICTAKTEWLDGKHVVFGKVKEGMNIVEAMERFGSRNGKTSKKITIADCGQLE	HAGPIA	sep	46.67	46.66	19.45	10/04/97
non-motif	75.1.1.6	1awr	C	I	VNPTVFFDIAVDGEPLGRVSFELFADKVPKTAENFRALSTGEKGFGYKGSCFHRIIPGFMCQGGDFTRHNGTGGKSIYGEKFEDENFILKHTGPGILSMANAGPNTNGSQFFICTAKTEWLDGKHVVFGKVKEGMNIVEAMERFGSRNGKTSKKITIADCGQLE	HAGPIA	linker	6.47	6.82	2.92	10/04/97
non-motif	1.1.1.45	1er8	E	I	STGSATTTPIDSLDDAYITPVQIGTPAQTLNLDFDTGSSDLWVFSSETTASEVDGQTIYTPSKSTTAKLLSGATWSISYGDGSSSSGDVYTDTVSVGGLTVTGQAVESAKKVSSSFTEDSTIDGLLGLAFSTLNTVSPTQQKTFFDNAKASLDSPVFTADLGYHAPGTYNFGFIDTTAYTGSITYTAVSTKQGFWEWTSTGYAVGSGTFKSTSIDGIADTGTTLLYLPATVVSAYWAQVSGAKSSSSVGGYVFPCSATLPSFTFGVGSARIVIPGDYIDFGPISTGSSSCFGGIQSSAGIGINIFGDVALKAAFVVFNGATTPTLGFASK	HPFHLLVY	sep	3.5	6.48	1.73	10/16/89
non-motif	1.1.1.45	1er8	E	I	STGSATTTPIDSLDDAYITPVQIGTPAQTLNLDFDTGSSDLWVFSSETTASEVDGQTIYTPSKSTTAKLLSGATWSISYGDGSSSSGDVYTDTVSVGGLTVTGQAVESAKKVSSSFTEDSTIDGLLGLAFSTLNTVSPTQQKTFFDNAKASLDSPVFTADLGYHAPGTYNFGFIDTTAYTGSITYTAVSTKQGFWEWTSTGYAVGSGTFKSTSIDGIADTGTTLLYLPATVVSAYWAQVSGAKSSSSVGGYVFPCSATLPSFTFGVGSARIVIPGDYIDFGPISTGSSSCFGGIQSSAGIGINIFGDVALKAAFVVFNGATTPTLGFASK	HPFHLLVY	linker	3.46	6.31	1.71	10/16/89
non-motif	206.1.1.24	1nvr	A	B	MAVPFVEDWDLVQTLGEGAYGEVQLAVNRVTEEAVAVKIVDMKRAVDCPENIKKEICINKMLNHENVVKFYGHRREGNIQYLFLEYCSGGELFDRIEPDIGMPEPDAQRFFHQLMAGVVYLHGIGITHRDIKPENLLLDERDNLKISDFGLATVFRYNNRERLLNKMCGTLPYVAPELLKRREFHAEPVDVWSCGIVLTAMLAGELPWDQPSDSCQEYSDWKEKKTYLNPWKKIDSAPLALLHKILVENPSARITIPDIKKDRWYNKPLKKGAKRPRVTSGGVSESPSG	ASVSA	sep	43.98	44.59	18.47	02/04/03
non-motif	206.1.1.24	1nvr	A	B	MAVPFVEDWDLVQTLGEGAYGEVQLAVNRVTEEAVAVKIVDMKRAVDCPENIKKEICINKMLNHENVVKFYGHRREGNIQYLFLEYCSGGELFDRIEPDIGMPEPDAQRFFHQLMAGVVYLHGIGITHRDIKPENLLLDERDNLKISDFGLATVFRYNNRERLLNKMCGTLPYVAPELLKRREFHAEPVDVWSCGIVLTAMLAGELPWDQPSDSCQEYSDWKEKKTYLNPWKKIDSAPLALLHKILVENPSARITIPDIKKDRWYNKPLKKGAKRPRVTSGGVSESPSG	ASVSA	linker	29.19	29.38	11.56	02/04/03
non-motif	108.1.1.17	1nx1	A	C	EEVRQFRRLFAQLAGDDMEVSATELMNILNKVVTRHPDLKTDGFGIDTCRSMVAVMDSDTTGKLGFEEFKYLWNNIKKWQAIYKQFDVDRSGTIGSSELPGAFEAAGFHLNEHLYSMIIRRYSDEGGNMDFDNFISCLVRLDAMFRAFKSLDKDGTGQIQVNIQEWLQLTMYS	DAIDALSSDFT	sep	2.08	3.01	1.18	02/07/03
non-motif	108.1.1.17	1nx1	A	C	EEVRQFRRLFAQLAGDDMEVSATELMNILNKVVTRHPDLKTDGFGIDTCRSMVAVMDSDTTGKLGFEEFKYLWNNIKKWQAIYKQFDVDRSGTIGSSELPGAFEAAGFHLNEHLYSMIIRRYSDEGGNMDFDNFISCLVRLDAMFRAFKSLDKDGTGQIQVNIQEWLQLTMYS	DAIDALSSDFT	linker	1.21	2.01	0.72	02/07/03
non-motif	4.1.2.1	1ou8	B	D	MEYKSSPKRPYLLRAYYDWLVDNSFTPYLVVDATYLGVNVPVEYVKDGQIVLNLSASATGNLQLTNDFIQFNARFKGVSRELYIPMGAALAIYARENGDGVMFEPEEIYDE	GRHGAANDENY	sep	10.79	12.3	5.89	03/24/03
non-motif	4.1.2.1	1ou8	B	D	MEYKSSPKRPYLLRAYYDWLVDNSFTPYLVVDATYLGVNVPVEYVKDGQIVLNLSASATGNLQLTNDFIQFNARFKGVSRELYIPMGAALAIYARENGDGVMFEPEEIYDE	GRHGAANDENY	linker	10.85	11.12	5.56	03/24/03
non-motif	511.1.1.2	1u00	A	P	MDVIPLSLGLETMGGLVEKVIPRNTTIPVARAQDFTTFKDGQTAMSIHVMQGERELVQDCRSLARFALRGIPALPAGGAHIRVTFQVDADGLLSVTAMEKSTGVEASIQVKPSYGLTDSEIASMIKDSMSYAEQDVKARMLAEQKVEAARVLESLHGALAADAALLSAAERQVIDDAAAHLSEVAQGDDVDAIEQAIKNVDKQTQDFAARRMDQSVRRALKGHSVDE	ELPPVKIHC	sep	3.81	5.92	1.62	07/12/04
non-motif	511.1.1.2	1u00	A	P	MDVIPLSLGLETMGGLVEKVIPRNTTIPVARAQDFTTFKDGQTAMSIHVMQGERELVQDCRSLARFALRGIPALPAGGAHIRVTFQVDADGLLSVTAMEKSTGVEASIQVKPSYGLTDSEIASMIKDSMSYAEQDVKARMLAEQKVEAARVLESLHGALAADAALLSAAERQVIDDAAAHLSEVAQGDDVDAIEQAIKNVDKQTQDFAARRMDQSVRRALKGHSVDE	ELPPVKIHC	linker	3.91	5.98	1.64	07/12/04
non-motif	206.1.1.24	2b9h	A	C	MPKRIVYNISSDFQLKSLLGEGAYGVVCSATHKPTGEIVAIKKIEPFDKPLFALRTLREIKILKHFKHENIITIFNIQRPDSFENFNEVYIIQELMQTDLHRVISTQMLSDDHIQYFIYQTLRAVKVLHGSNVIHRDLKPSNLLINSNCDLKVCDFGLARIIDESAADNSEPTGQQSGMVEFVATRWYRAPEVMLTSAKYSRAMDVWSCGCILAELFLRRPIFPGRDYRHQLLLIFGIIGTPHSDNDLRCIESPRAREYIKSLPMYPAAPLEKMFPRVNPKGIDLLQRMLVFDPAKRITAKEALEHPYLQTYHDPNDEPEGEPIPPSFFEFDHYKEALTTKDLKKLIWNEIFS	RRNLKGLNLNLHPD	sep	2.4	4.57	1.38	10/11/05
non-motif	206.1.1.24	2b9h	A	C	MPKRIVYNISSDFQLKSLLGEGAYGVVCSATHKPTGEIVAIKKIEPFDKPLFALRTLREIKILKHFKHENIITIFNIQRPDSFENFNEVYIIQELMQTDLHRVISTQMLSDDHIQYFIYQTLRAVKVLHGSNVIHRDLKPSNLLINSNCDLKVCDFGLARIIDESAADNSEPTGQQSGMVEFVATRWYRAPEVMLTSAKYSRAMDVWSCGCILAELFLRRPIFPGRDYRHQLLLIFGIIGTPHSDNDLRCIESPRAREYIKSLPMYPAAPLEKMFPRVNPKGIDLLQRMLVFDPAKRITAKEALEHPYLQTYHDPNDEPEGEPIPPSFFEFDHYKEALTTKDLKKLIWNEIFS	RRNLKGLNLNLHPD	linker	2.81	5	1.58	10/11/05
non-motif	206.1.1.24	2c3i	B	A	MLLSKINSLAHLRAAPCNDLHATKLAPGKEKEPLESQYQVGPLLGSGGFGSVYSGIRVSDNLPVAIKHVEKDRISDWGELPNGTRVPMEVVLLKKVSSGFSGVIRLLDWFERPDSFVLILERPEPVQDLFDFITERGALQEELARSFFWQVLEAVRHCHNCGVLHRDIKDENILIDLNRGELKLIDFGSGALLKDTVYTDFDGTRVYSPPEWIRYHRYHGRSAAVWSLGILLYDMVCGDIPFEHDEEIIGGQVFFRQRVSSECQHLIRWCLALRPSDRPTFEEIQNHPWMQDVLLPQETAEIHLHSLSPGPSK	KRRRHPSG	sep	1.08	2.97	0.63	10/07/05
non-motif	206.1.1.24	2c3i	B	A	MLLSKINSLAHLRAAPCNDLHATKLAPGKEKEPLESQYQVGPLLGSGGFGSVYSGIRVSDNLPVAIKHVEKDRISDWGELPNGTRVPMEVVLLKKVSSGFSGVIRLLDWFERPDSFVLILERPEPVQDLFDFITERGALQEELARSFFWQVLEAVRHCHNCGVLHRDIKDENILIDLNRGELKLIDFGSGALLKDTVYTDFDGTRVYSPPEWIRYHRYHGRSAAVWSLGILLYDMVCGDIPFEHDEEIIGGQVFFRQRVSSECQHLIRWCLALRPSDRPTFEEIQNHPWMQDVLLPQETAEIHLHSLSPGPSK	KRRRHPSG	linker	1.43	3.29	0.85	10/07/05
non-motif	377.1.1.15	2ds8	B	P	TDKRKDGSGKLLYCSFCGKSQHEVRKLIAGPSVYICDECVDLCNDIIREEI	APALRVVK	sep	0.94	1.63	0.53	06/22/06
non-motif	377.1.1.15	2ds8	B	P	TDKRKDGSGKLLYCSFCGKSQHEVRKLIAGPSVYICDECVDLCNDIIREEI	APALRVVK	linker	1.56	1.93	0.72	06/22/06
non-motif	2007.1.3.29	2fmf	A	B	MADKELKFLVVDDFSTMRRIVRNLLKELGFNNVEEAEDGVDALNKLQAGGFGFIISDWNMPNMDGLELLKTIRADSAMSALPVLMVTAEAKKENIIAAAQAGASGYVVKPFTAATLEEKLNKIFEKLGM	ASQDQVDDLLDSLGF	sep	4.71	5.03	2.23	01/09/06
non-motif	2007.1.3.29	2fmf	A	B	MADKELKFLVVDDFSTMRRIVRNLLKELGFNNVEEAEDGVDALNKLQAGGFGFIISDWNMPNMDGLELLKTIRADSAMSALPVLMVTAEAKKENIIAAAQAGASGYVVKPFTAATLEEKLNKIFEKLGM	ASQDQVDDLLDSLGF	linker	4.66	5.1	2.69	01/09/06
non-motif	5.1.4.332	2h9m	C	D	GSTQSKPTPVKPNYALKFTLAGHTKAVSSVKFSPNGEWLASSSADKLIKIWGAYDGKFEKTISGHKLGISDVAWSSDSNLLVSASDDKTLKIWDVSSGKCLKTLKGHSNYVFCCNFNPQSNLIVSGSFDESVRIWDVKTGKCLKTLPAHSDPVSAVHFNRDGSLIVSSSYDGLCRIWDTASGQCLKTLIDDDNPPVSFVKFSPNGKYILAATLDNTLKLWDYSKGKCLKTYTGHKNEKYCIFANFSVTGGKWIVSGSEDNLVYIWNLQTKEIVQKLQGHTDVVISTACHPTENIIASAALENDKTIKLWKSDC	ARTKQTARKST	sep	49.01	49.81	18.53	06/10/06
non-motif	5.1.4.332	2h9m	C	D	GSTQSKPTPVKPNYALKFTLAGHTKAVSSVKFSPNGEWLASSSADKLIKIWGAYDGKFEKTISGHKLGISDVAWSSDSNLLVSASDDKTLKIWDVSSGKCLKTLKGHSNYVFCCNFNPQSNLIVSGSFDESVRIWDVKTGKCLKTLPAHSDPVSAVHFNRDGSLIVSSSYDGLCRIWDTASGQCLKTLIDDDNPPVSFVKFSPNGKYILAATLDNTLKLWDYSKGKCLKTYTGHKNEKYCIFANFSVTGGKWIVSGSEDNLVYIWNLQTKEIVQKLQGHTDVVISTACHPTENIIASAALENDKTIKLWKSDC	ARTKQTARKST	linker	6.65	9.65	2.64	06/10/06
non-motif	320.4.1.1	2hpl	A	B	SASPAVAELCQNTPETFLEASKLLLTYADNILRNPSDEKYRSIRIGNTAFSTRLLPVRGAVECLFEMGFEEGETHLIFPKKASVEQLQKIRDLIAIERSS	DDLYG	sep	33.14	33.68	14.11	07/17/06
non-motif	320.4.1.1	2hpl	A	B	SASPAVAELCQNTPETFLEASKLLLTYADNILRNPSDEKYRSIRIGNTAFSTRLLPVRGAVECLFEMGFEEGETHLIFPKKASVEQLQKIRDLIAIERSS	DDLYG	linker	2.45	3.46	1.27	07/17/06
non-motif	109.4.1.1	2o02	A	P	MDKNELVQKAKLAEQAERYDDMAACMKSVTEQGAELSNEERNLLSVAYKNVVGARRSSWRVVSSIEQKTEGAEKKQQMAREYREKIETELRDICNDVLSLLEKFLIPNASQAESKVFYLKMKGDYYRYLAEVAAGDDKKGIVDQSQQAYQEAFEISKKEMQPTHPIRLGLALNFSVFYYEILNSPEKACSLAKTAFDEAIAELDTLSEESYKDSTLIMQLLRDNLTLWTS	GHGQGLLDALDLAS	sep	5.84	6.91	3.31	11/27/06
non-motif	109.4.1.1	2o02	A	P	MDKNELVQKAKLAEQAERYDDMAACMKSVTEQGAELSNEERNLLSVAYKNVVGARRSSWRVVSSIEQKTEGAEKKQQMAREYREKIETELRDICNDVLSLLEKFLIPNASQAESKVFYLKMKGDYYRYLAEVAAGDDKKGIVDQSQQAYQEAFEISKKEMQPTHPIRLGLALNFSVFYYEILNSPEKACSLAKTAFDEAIAELDTLSEESYKDSTLIMQLLRDNLTLWTS	GHGQGLLDALDLAS	linker	18.26	17.84	9.31	11/27/06
non-motif	227.1.1.1	3d1e	A	P	MKFTVEREHLLKPLQQVSGPLGGRPTLPILGNLLLQVADGTLSLTGTDLEMEMVARVALVQPHEPGATTVPARKFFDICRGLPEGAEIAVQLEGERMLVRSGRSRFSLSTLPAADFPNLDDWQSEVEFTLPQATMKRLIEATQFSMAHQDVRYYLNGMLFETEGEELRTVATDGHRLAVCSMPIGQSLPSHSVIVPRKGVIELMRMLDGGDNPLRVQIGSNNIRAHVGDFIFTSKLVDGRFPDYRRVLPKNPDKHLEAGCDLLKQAFARAAILSNEKFRGVRLYVSENQLKITANNPEQEEAEEILDVTYSGAEMEIGFNVSYVLDVLNALKCENVRMMLTDSVSSVQIEDAASQSAAYVVMPMRL	TLMTGQLGLF	sep	8.69	9.34	4.02	05/05/08
non-motif	227.1.1.1	3d1e	A	P	MKFTVEREHLLKPLQQVSGPLGGRPTLPILGNLLLQVADGTLSLTGTDLEMEMVARVALVQPHEPGATTVPARKFFDICRGLPEGAEIAVQLEGERMLVRSGRSRFSLSTLPAADFPNLDDWQSEVEFTLPQATMKRLIEATQFSMAHQDVRYYLNGMLFETEGEELRTVATDGHRLAVCSMPIGQSLPSHSVIVPRKGVIELMRMLDGGDNPLRVQIGSNNIRAHVGDFIFTSKLVDGRFPDYRRVLPKNPDKHLEAGCDLLKQAFARAAILSNEKFRGVRLYVSENQLKITANNPEQEEAEEILDVTYSGAEMEIGFNVSYVLDVLNALKCENVRMMLTDSVSSVQIEDAASQSAAYVVMPMRL	TLMTGQLGLF	linker	5.96	6.34	2.79	05/05/08
LNR	2499.1.1.6	1bjr	E	I	AAQTNAPWGLARISSTSPGTSTYYYDESAGQGSCVYVIDTGIEASHPEFEGRAQMVKTYYYSSRDGNGHGTHCAGTVGSRTYGVAKKTQLFGVKVLDDNGSGQYSTIIAGMDFVASDKNNRNCPKGVVASLSLGGGYSSSVNSAAARLQSSGVMVAVAAGNNNADARNYSPASEPSVCTVGASDRYDRRSSFSNYGSVLDIFGPGTSILSTWIGGSTRSISGTSMATPHVAGLAAYLMTLGKTTAASACRYIADTANKGDLSNIPFGTVNLLAYNNYQA	VAQGGAAGLA	sep	9.68	10.77	4.53	06/27/98
LNR	2499.1.1.6	1bjr	E	I	AAQTNAPWGLARISSTSPGTSTYYYDESAGQGSCVYVIDTGIEASHPEFEGRAQMVKTYYYSSRDGNGHGTHCAGTVGSRTYGVAKKTQLFGVKVLDDNGSGQYSTIIAGMDFVASDKNNRNCPKGVVASLSLGGGYSSSVNSAAARLQSSGVMVAVAAGNNNADARNYSPASEPSVCTVGASDRYDRRSSFSNYGSVLDIFGPGTSILSTWIGGSTRSISGTSMATPHVAGLAAYLMTLGKTTAASACRYIADTANKGDLSNIPFGTVNLLAYNNYQA	VAQGGAAGLA	linker	10.25	10.57	4.79	06/27/98
LNR	214.1.1.26	1d4t	A	B	MDAVAVYHGKISRETGEKLLLATGLDGSYLLRDSESVPGVYCLCVLYHGYIYTYRVSQTETGSWSAETAPGVHKRYFRKIKNLISAFQKPDQGIVIPLQYPVEK	KSLTIYAQVQK	sep	6.13	7.16	3.05	10/06/99
LNR	214.1.1.26	1d4t	A	B	MDAVAVYHGKISRETGEKLLLATGLDGSYLLRDSESVPGVYCLCVLYHGYIYTYRVSQTETGSWSAETAPGVHKRYFRKIKNLISAFQKPDQGIVIPLQYPVEK	KSLTIYAQVQK	linker	8.06	9.35	4.32	10/06/99
LNR	109.4.1.1231	1ee5	A	B	QELPQMTQQLNSDDMQEQLSATVKFRQILSREHRPPIDVVIQAGVVPRLVEFMRENQPEMLQLEAAWALTNIASGTSAQTKVVVDADAVPLFIQLLYTGSVEVKEQAIWALGNVAGDSTDYRDYVLQCNAMEPILGLFNSNKPSLIRTATWTLSNLCRGKKPQPDWSVVSQALPTLAKLIYSMDTETLVDACWAISYLSDGPQEAIQAVIDVRIPKRLVELLSHESTLVQTPALRAVGNIVTGNDLQTQVVINAGVLPALRLLLSSPKENIKKEACWTISNITAGNTEQIQAVIDANLIPPLVKLLEVAEDKTKKEACWAISNASSGGLQRPDIIRYLVSQGCIKPLCDLLEIADNRIIEVTLDALENILKMGEADKEARGLNINENADFIEKAGGMEKIFNCQQNENDKIYEKAYKIIETYFG	AVKRPAATKKAGQAKKKKL	sep	3.32	4.26	1.81	01/30/00
LNR	109.4.1.1231	1ee5	A	B	QELPQMTQQLNSDDMQEQLSATVKFRQILSREHRPPIDVVIQAGVVPRLVEFMRENQPEMLQLEAAWALTNIASGTSAQTKVVVDADAVPLFIQLLYTGSVEVKEQAIWALGNVAGDSTDYRDYVLQCNAMEPILGLFNSNKPSLIRTATWTLSNLCRGKKPQPDWSVVSQALPTLAKLIYSMDTETLVDACWAISYLSDGPQEAIQAVIDVRIPKRLVELLSHESTLVQTPALRAVGNIVTGNDLQTQVVINAGVLPALRLLLSSPKENIKKEACWTISNITAGNTEQIQAVIDANLIPPLVKLLEVAEDKTKKEACWAISNASSGGLQRPDIIRYLVSQGCIKPLCDLLEIADNRIIEVTLDALENILKMGEADKEARGLNINENADFIEKAGGMEKIFNCQQNENDKIYEKAYKIIETYFG	AVKRPAATKKAGQAKKKKL	linker	3.38	5.93	1.86	01/30/00
LNR	109.4.1.733	1elr	A	B	GKQALKEKELGNDAYKKKDFDTALKHYDKAKELDPTNMTYITNQAAVYFEKGDYNKCRELCEKAIEVGRENREDYRQIAKAYARIGNSYFKEEKYKDAIHFYNKSLAEHRTPDVLKKCQQAEKILKEQERL	XMEEVD	sep	10.67	11.32	4.96	03/14/00
LNR	109.4.1.733	1elr	A	B	GKQALKEKELGNDAYKKKDFDTALKHYDKAKELDPTNMTYITNQAAVYFEKGDYNKCRELCEKAIEVGRENREDYRQIAKAYARIGNSYFKEEKYKDAIHFYNKSLAEHRTPDVLKKCQQAEKILKEQERL	XMEEVD	linker	0.57	1.03	0.31	03/14/00
LNR	1.1.5.153	1fiw	A	L	IIGGQDAAHGAWPWMVSLQIFTYHNNRRYHVCGGSLLNSQWLLTAAHCFRIKKKVTDWRLIFGAKEVEWGTNKPVKPPLQERYVEKIIIHEKYSASSEANDIALMKITPPVTCGHFIGPGCLPQFRAGPPRVPQTCWVAGWGFLQENARRTSPMLQEARVDLIDLGLCNSTRWYNGRIRSTNVCAGYPEGKIDTCQGDSGGPLMCKDSAENSYVVVGITSWGVGCARAKRPGVYTSTWSYLNWIASKIGSTAVHMIQLPTASPASTPGAQASSGSVQPSVRPPWFFQQIT	DNTTCDGPCGVRFRQNRQGGVR	sep	3.46	5.28	1.73	08/07/00
LNR	1.1.5.153	1fiw	A	L	IIGGQDAAHGAWPWMVSLQIFTYHNNRRYHVCGGSLLNSQWLLTAAHCFRIKKKVTDWRLIFGAKEVEWGTNKPVKPPLQERYVEKIIIHEKYSASSEANDIALMKITPPVTCGHFIGPGCLPQFRAGPPRVPQTCWVAGWGFLQENARRTSPMLQEARVDLIDLGLCNSTRWYNGRIRSTNVCAGYPEGKIDTCQGDSGGPLMCKDSAENSYVVVGITSWGVGCARAKRPGVYTSTWSYLNWIASKIGSTAVHMIQLPTASPASTPGAQASSGSVQPSVRPPWFFQQIT	DNTTCDGPCGVRFRQNRQGGVR	linker	3.56	5.32	1.76	08/07/00
LNR	4059.1.1.3	1jrr	A	P	MEDLCVANTLFALNLFKHLAKASPTQNLFLSPWSISSTMAMVYMGSRGSTEDQMAKVLQFNEVGAAADKIHSSFRSLSSAINASTGNYLLESVNKLFGEKSASFREEYIRLCQKYYSSEPQAVDFLECAEEARKKINSWVKTQTKGKIPNLLPEGSVDGDTRMVLVNAVYFKGKWKTPFEKKLNGLYPFRVNSAQRTPVQMMYLREKLNIGYIEDLKAQILELPYAGDVSMFLLLPDEIADVSTGLELLESEITYDKLNKWTSKDKMAEDEVEVYIPQFKLEEHYELRSILRSMGMEDAFNKGRANFSGMSERNDLFLSEVFHQAMVDVNEEGTEAAAGTGGVMTGRTGHGGPQFVADHPFLFLIMHKITNCILFFGRFSSP	XTEAAAGTGGVMTGR	sep	43	45.22	17.65	08/15/01
LNR	4059.1.1.3	1jrr	A	P	MEDLCVANTLFALNLFKHLAKASPTQNLFLSPWSISSTMAMVYMGSRGSTEDQMAKVLQFNEVGAAADKIHSSFRSLSSAINASTGNYLLESVNKLFGEKSASFREEYIRLCQKYYSSEPQAVDFLECAEEARKKINSWVKTQTKGKIPNLLPEGSVDGDTRMVLVNAVYFKGKWKTPFEKKLNGLYPFRVNSAQRTPVQMMYLREKLNIGYIEDLKAQILELPYAGDVSMFLLLPDEIADVSTGLELLESEITYDKLNKWTSKDKMAEDEVEVYIPQFKLEEHYELRSILRSMGMEDAFNKGRANFSGMSERNDLFLSEVFHQAMVDVNEEGTEAAAGTGGVMTGRTGHGGPQFVADHPFLFLIMHKITNCILFFGRFSSP	XTEAAAGTGGVMTGR	linker	0.27	0.68	0.24	08/15/01
LNR	11.1.1.10	1ky6	A	P	GSPGIRLGSSEDNFARFVCKNNGVLFENQLLQIGLKSEFRQNLGRMFIFYGNKTSTQFLNFTPTLICADDLQTNLNLQTKPVDPTVDGGAQVQQVVNIECISDFTEAPVLNIQFRYGGTFQNVSVKLPITLNKFFQPTEMASQDFFQRWKQLSNPQQEVQNIFKAKHPMDTEITKAKIIGFGSALLEEVDPNPANFVGAGIIHTKTTQIGCLLRLEPNLQAQMYRLTLRTSKDTVSQRLCELLSEQF	FSDPWGG	sep	10.15	10.1	5.19	02/03/02
LNR	11.1.1.10	1ky6	A	P	GSPGIRLGSSEDNFARFVCKNNGVLFENQLLQIGLKSEFRQNLGRMFIFYGNKTSTQFLNFTPTLICADDLQTNLNLQTKPVDPTVDGGAQVQQVVNIECISDFTEAPVLNIQFRYGGTFQNVSVKLPITLNKFFQPTEMASQDFFQRWKQLSNPQQEVQNIFKAKHPMDTEITKAKIIGFGSALLEEVDPNPANFVGAGIIHTKTTQIGCLLRLEPNLQAQMYRLTLRTSKDTVSQRLCELLSEQF	FSDPWGG	linker	9.95	10.07	5.3	02/03/02
LNR	372.1.1.1	1ssc	A	B	KETAAAKFERQHMDSSTSAASSSNYCNQMMKSRNLTKDRCKPVNTFVHESLADVQAVCSQKNVACKNGQTNCYQSYSTMSITDCRETGSSKYPNCAYKTTQANKHIIVACEG	PYVPVHFDASV	sep	0.38	0.96	0.29	10/05/94
LNR	372.1.1.1	1ssc	A	B	KETAAAKFERQHMDSSTSAASSSNYCNQMMKSRNLTKDRCKPVNTFVHESLADVQAVCSQKNVACKNGQTNCYQSYSTMSITDCRETGSSKYPNCAYKTTQANKHIIVACEG	PYVPVHFDASV	linker	0.48	1	0.28	10/05/94
LNR	4.1.1.694	1t3l	A	B	SRPSDSDVSLEEDREAVRREAERQAQAQLEKAKTKPVAFAVRTNVSYSAAHEDDVPVPGMAISFEAKDFLHVKEKFNNDWWIGRLVKEGCEIGFIPSRVKLENMRLQHEQRAKEFKLHSKEKRMPFFKKTEHTPPYDVVPSMRPVVLVGPSLKGYEVTDMMQKALFDFLKHRFEGRISITRVTADISLAKRSVLNNPSKHAIIERSNTRSSLAEVQSEIERIFELARTLQLVVLDADTINHPAQLSKTSLAPIVVYVKISSPKVLQRLIKSRGKSQAKHLNVQMVAADKLAQCPPELFDVILDENQLEDACEHLADYLEAYWKATHPPSSNLPNPLL	QQLEEDLRGYMSWITQGE	sep	1.04	1.4	0.35	04/27/04
LNR	4.1.1.694	1t3l	A	B	SRPSDSDVSLEEDREAVRREAERQAQAQLEKAKTKPVAFAVRTNVSYSAAHEDDVPVPGMAISFEAKDFLHVKEKFNNDWWIGRLVKEGCEIGFIPSRVKLENMRLQHEQRAKEFKLHSKEKRMPFFKKTEHTPPYDVVPSMRPVVLVGPSLKGYEVTDMMQKALFDFLKHRFEGRISITRVTADISLAKRSVLNNPSKHAIIERSNTRSSLAEVQSEIERIFELARTLQLVVLDADTINHPAQLSKTSLAPIVVYVKISSPKVLQRLIKSRGKSQAKHLNVQMVAADKLAQCPPELFDVILDENQLEDACEHLADYLEAYWKATHPPSSNLPNPLL	QQLEEDLRGYMSWITQGE	linker	14.7	15.89	9.3	04/27/04
LNR	178.1.1.1	1t4f	M	P	GSQIPASEQETLVRPKPLLLKLLKSVGAQKDTYTMKEVLFYLGQYIMTKRLYDEKQQHIVYCSNDLLGDLFGVPSFSVKEHRKIYTMIYRNLVVVNQQESSDSGTSVSEN	RFMDYWEGL	sep	0.81	1.48	0.5	04/29/04
LNR	178.1.1.1	1t4f	M	P	GSQIPASEQETLVRPKPLLLKLLKSVGAQKDTYTMKEVLFYLGQYIMTKRLYDEKQQHIVYCSNDLLGDLFGVPSFSVKEHRKIYTMIYRNLVVVNQQESSDSGTSVSEN	RFMDYWEGL	linker	0.89	1.64	0.49	04/29/04
LNR	188.1.1.1	1t5z	A	B	CQPIFLNVLEAIEPGVVCAGHDNNQPDSFAALLSSLNELGERQLVHVVKWAKALPGFRNLHVDDQMAVIQYSWMGLMVFAMGWRSFTNVNSRMLYFAPDLVFNEYRMHKSRMYSQCVRMRHLSQEFGWLQITPQEFLCMKALLLFSIIPVDGLKNQKFFDELRMNYIKELDRIIACKRKNPTSCSRRFYQLTKLLDSVQPIARELHQFTFDLLIKSHMVSVDFPEMMAEIISVQVPKILSGKVKPIYFHTQ	RETSEKFKLLFQSYN	sep	1.31	2.96	0.74	05/05/04
LNR	188.1.1.1	1t5z	A	B	CQPIFLNVLEAIEPGVVCAGHDNNQPDSFAALLSSLNELGERQLVHVVKWAKALPGFRNLHVDDQMAVIQYSWMGLMVFAMGWRSFTNVNSRMLYFAPDLVFNEYRMHKSRMYSQCVRMRHLSQEFGWLQITPQEFLCMKALLLFSIIPVDGLKNQKFFDELRMNYIKELDRIIACKRKNPTSCSRRFYQLTKLLDSVQPIARELHQFTFDLLIKSHMVSVDFPEMMAEIISVQVPKILSGKVKPIYFHTQ	RETSEKFKLLFQSYN	linker	1.3	2.99	0.74	05/05/04
LNR	371.1.1.1	1tj9	A	B	SLLEFGKMILEETGKLAIPSYSSYGCYCGWGGKGTPKDATDRCCFVHDCCYGNLPDCNPKSDRYKYKRVNGAIVCEKGTSCENRICECDKAAAICFRQNLNTYSKKYMLYPDFLCKGELKC	VARS	sep	21.29	22.73	8.58	06/03/04
LNR	371.1.1.1	1tj9	A	B	SLLEFGKMILEETGKLAIPSYSSYGCYCGWGGKGTPKDATDRCCFVHDCCYGNLPDCNPKSDRYKYKRVNGAIVCEKGTSCENRICECDKAAAICFRQNLNTYSKKYMLYPDFLCKGELKC	VARS	linker	50.59	49.63	19.8	06/03/04
LNR	7579.1.1.3	1xqy	A	Q	MDQECIENYAKVNGIYIYYKLCKAPEEKAKLMTMHGGPGMSHDYLLSLRDMTKEGITVLFYDQFGCGRSEEPDQSKFTIDYGVEEAEALRSKLFGNEKVFLMGSAYGGALALAYAVKYQDHLKGLIVSGGLSSVPLTVKEMNRLIDELPAKYRDAIKKYGSSGSYENPEYQEAVNYFYHQHLLRSEDWPPEVLKSLEYAERRNVYRIMNGPNEFTITGTIKDWDITDKISAIKIPTLITVGEYDEVTPNVARVIHEKIAGSELHVFRDCSHLTMWEDREGYNKLLSDFILKHL	PLGG	sep	7.62	7.84	3.3	10/13/04
LNR	7579.1.1.3	1xqy	A	Q	MDQECIENYAKVNGIYIYYKLCKAPEEKAKLMTMHGGPGMSHDYLLSLRDMTKEGITVLFYDQFGCGRSEEPDQSKFTIDYGVEEAEALRSKLFGNEKVFLMGSAYGGALALAYAVKYQDHLKGLIVSGGLSSVPLTVKEMNRLIDELPAKYRDAIKKYGSSGSYENPEYQEAVNYFYHQHLLRSEDWPPEVLKSLEYAERRNVYRIMNGPNEFTITGTIKDWDITDKISAIKIPTLITVGEYDEVTPNVARVIHEKIAGSELHVFRDCSHLTMWEDREGYNKLLSDFILKHL	PLGG	linker	76.88	78.24	31.21	10/13/04
LNR	219.1.1.194	2b1n	A	B	DAPESWDWSKKGVITKVKFQGQCGSGWAFSATGAIEAAHAIATGNLVSLSEQELIDCVDESEGCYNGWHYQSFEWVVKHGGIASEADYPYKARDGKCKANEIQDKVTIDNYGVQILSNESTESEAESSLQSFVLEQPISVSIDAKDFHFYSGGIYDGGNCSSPYGINHFVLIVGYGSEDGVDYWIAKNSWGEDWGIDGYIRIQRNTGNLLGVCGMNYFASYPIIEKSETLKFGRVKADPRVEHSPL	KASVG	sep	53.05	53.13	20.58	09/16/05
LNR	219.1.1.194	2b1n	A	B	DAPESWDWSKKGVITKVKFQGQCGSGWAFSATGAIEAAHAIATGNLVSLSEQELIDCVDESEGCYNGWHYQSFEWVVKHGGIASEADYPYKARDGKCKANEIQDKVTIDNYGVQILSNESTESEAESSLQSFVLEQPISVSIDAKDFHFYSGGIYDGGNCSSPYGINHFVLIVGYGSEDGVDYWIAKNSWGEDWGIDGYIRIQRNTGNLLGVCGMNYFASYPIIEKSETLKFGRVKADPRVEHSPL	KASVG	linker	41.35	40.88	16.23	09/16/05
LNR	11.1.5.34	2cnz	A	B	GSDLTVSLIPVSGLKAGKNAPSAKIAKLVVNSTTLKEFGVRGISNNVVDSTGTAWRVAGKNTGKEIGVGLSSDSLRRSDSTEKWNGVNWMTFNSNDTLDIVLTGPAQNVTADTYPITLDVVGYQP	GSFLPNSEQQKSADIVFSSP	sep	0.55	1.08	0.57	05/25/06
LNR	11.1.5.34	2cnz	A	B	GSDLTVSLIPVSGLKAGKNAPSAKIAKLVVNSTTLKEFGVRGISNNVVDSTGTAWRVAGKNTGKEIGVGLSSDSLRRSDSTEKWNGVNWMTFNSNDTLDIVLTGPAQNVTADTYPITLDVVGYQP	GSFLPNSEQQKSADIVFSSP	linker	0.47	1.04	0.54	05/25/06
LNR	109.4.1.711	2f31	A	B	SAMMYIQELRSGLRDMHLLSCLESLRVSLNNNPVSWVQTFGAEGLASLLDILKRLHDEKEETSGNYDSRNQHEIIRCLKAFMNNKFGIKTMLETEEGILLLVRAMDPAVPNMMIDAAKLLSALCILPQPEDMNERVLEAMTERAEMDEVERFQPLLDGLKSGTSIALKVGCLQLINALITPAEELDFRVHIRSELMRLGLHQVLQELREIENEDMKVQLCVFDEQGDEDFFDL	DETGVMDSLLEALQSGAAFR	sep	1	2.8	0.6	11/18/05
LNR	109.4.1.711	2f31	A	B	SAMMYIQELRSGLRDMHLLSCLESLRVSLNNNPVSWVQTFGAEGLASLLDILKRLHDEKEETSGNYDSRNQHEIIRCLKAFMNNKFGIKTMLETEEGILLLVRAMDPAVPNMMIDAAKLLSALCILPQPEDMNERVLEAMTERAEMDEVERFQPLLDGLKSGTSIALKVGCLQLINALITPAEELDFRVHIRSELMRLGLHQVLQELREIENEDMKVQLCVFDEQGDEDFFDL	DETGVMDSLLEALQSGAAFR	linker	9.12	10.01	5.24	11/18/05
LNR	269.1.1.2	2fib	A	B	VQIHDITGKDCQDIANKGAKQSGLYFIKPLKANQQFLVYCEIDGSGNGWTVFQKRLDGSVDFKKNWIQYKEGFGHLSPTGTTEFWLGNEKIHLISTQSAIPYALRVELEDWNGRTSTADYAMFKVGPEADKYRLTYAYFAGGDAGDAFDGFDFGDDPSDKFFTSHNGMQFSTWDNDNDKFEGNCAEQDGSGWWMNKCHAGHLNGVYYQGGTYSKASTPNGYDNGIIWATWKTRWYSMKKTTMKIIPFNRLTIGEGQQHHLGGAKQAGDV	GPRP	sep	49.09	50.5	17.64	06/03/97
LNR	269.1.1.2	2fib	A	B	VQIHDITGKDCQDIANKGAKQSGLYFIKPLKANQQFLVYCEIDGSGNGWTVFQKRLDGSVDFKKNWIQYKEGFGHLSPTGTTEFWLGNEKIHLISTQSAIPYALRVELEDWNGRTSTADYAMFKVGPEADKYRLTYAYFAGGDAGDAFDGFDFGDDPSDKFFTSHNGMQFSTWDNDNDKFEGNCAEQDGSGWWMNKCHAGHLNGVYYQGGTYSKASTPNGYDNGIIWATWKTRWYSMKKTTMKIIPFNRLTIGEGQQHHLGGAKQAGDV	GPRP	linker	7.01	5.87	2.67	06/03/97
LNR	1.1.5.177	2hwl	B	A	IVEGSDAEIGMSPWQVMLFRKSPQELLCGASLISDRWVLTAAHCLLYPPWDKNFTENDLLVRIGKHSRTRYEANIEKISMLEKIYIHPRYNWRENLDRDIALMKLKKPVAFSDYIHPVCLPDRETAASLLQAGYKGRVTGWGNLKETWTANVGKGQPSVLQVVNLPIVERPVCKDSTRIRITDNMFCAGYKPDEGKRGDACEGDSGGPFVMKSPFNNRWYQMGIVSWGEGCDRDGKYGFYTHVFRLKKWIQKVIDQFGE	TFGSGEADCGLRPLFEKKSLEDKTERELLESYIDGR	sep	1.25	1.72	0.76	08/01/06
LNR	1.1.5.177	2hwl	B	A	IVEGSDAEIGMSPWQVMLFRKSPQELLCGASLISDRWVLTAAHCLLYPPWDKNFTENDLLVRIGKHSRTRYEANIEKISMLEKIYIHPRYNWRENLDRDIALMKLKKPVAFSDYIHPVCLPDRETAASLLQAGYKGRVTGWGNLKETWTANVGKGQPSVLQVVNLPIVERPVCKDSTRIRITDNMFCAGYKPDEGKRGDACEGDSGGPFVMKSPFNNRWYQMGIVSWGEGCDRDGKYGFYTHVFRLKKWIQKVIDQFGE	TFGSGEADCGLRPLFEKKSLEDKTERELLESYIDGR	linker	8.92	9.98	4.86	08/01/06
LNR	10.1.1.36	2np0	A	B	PVTINNFNYNDPIDNNNIIMMEPPFARGTGRYYKAFKITDRIWIIPERYTFGYKPEDFNKSSGIFNRDVCEYYDPDYLNTNDKKNIFLQTMIKLFNRIKSKPLGEKLLEMIINGIPYLGDRRVPLEEFNTNIASVTVNKLISNPGEVERKKGIFANLIIFGPGPVLNENETIDIGIQNHFASREGFGGIMQMKFCPEYVSVFNNVQENKGASIFNRRGYFSDPALILMHELIHVLHGLYGIKVDDLPIVPNEKKFFMQSTDAIQAEELYTFGGQDPSIITPSTDKSIYDKVLQNFRGIVDRLNKVLVCISDPNININIYKNKFKDKYKFVEDSEGKYSIDVESFDKLYKSLMFGFTETNIAENYKIKTRASYFSDSLPPVKIKNLLDNEIYTIEEGFNISDKDMEKEYRGQNKAINKQAYEEISKEHLAVYKIQMCKSVKAPGICIDVDNEDLFFIADKNSFSDDLSKNERIEYNTQSNYIENDFPINELILDTDLISKIELPSENTESLTDFNVDVPVYEKQPAIKKIFTDENTIFQYLYSQTFPLDIRDISLTSSFDDALLFSNKVYSFFSMDYIKTANKVVEAGLFAGWVKQIVNDFVIEANKSNTMDKIADISLIVPYIGLALNVGNETAKGNFENAFEIAGASILLEFIPELLIPVVGAFLLESYIDNKNKIIKTIDNALTKRNEKWSDMYGLIVAQWLSTVNTQFYTIKEGMYKALNYQAQALEEIIKYRYNIYSEKEKSNINIDFNDINSKLNEGINQAIDNINNFINGCSVSYLMKKMIPLAVEKLLDFDNTLKKNLLNYIDENKLYLIGSAEYEKSKVNKYLKTIMPFDLSIYTNDTILIEMFNKYNSEILNNIILNLRYKDNNLIDLSGYGAKVEVYDGVELNDKNQFKLTSSANSKIRVTQNQNIIFNSVFLDFSVSFWIRIPKYKNDGIQNYIHNEYTIINCMKNNSGWKISIRGNRIIWTLIDINGKTKSVFFEYNIREDISEYINRWFFVTITNNLNNAKIYINGKLESNTDIKDIREVIANGEIIFKLDGDIDRTQFIWMKYFSIFNTELSQSNIEERYKIQSYSEYLKDFWGNPLMYNKEYYMFNAGNKNSYIKLKKDSPVGEILTRSKYNQNSKYINYRDLYIGEKFIIRRKSNSQSINDDIVRKEDYIYLDFFNLNQEWRVYTYKYFKKEEEKLFLAPISDSDEFYNTIQIKEYDEQPTYSCQLLFKKDEESTDEIGLIGIHRFYESGIVFEEYKDYFCISKWYLKEVKRKPYNLKLGCNWQFIPKDEGWTE	GESQEDMFAKLKEKFFNEINK	sep	59.48	58.34	24.39	10/26/06
LNR	10.1.1.36	2np0	A	B	PVTINNFNYNDPIDNNNIIMMEPPFARGTGRYYKAFKITDRIWIIPERYTFGYKPEDFNKSSGIFNRDVCEYYDPDYLNTNDKKNIFLQTMIKLFNRIKSKPLGEKLLEMIINGIPYLGDRRVPLEEFNTNIASVTVNKLISNPGEVERKKGIFANLIIFGPGPVLNENETIDIGIQNHFASREGFGGIMQMKFCPEYVSVFNNVQENKGASIFNRRGYFSDPALILMHELIHVLHGLYGIKVDDLPIVPNEKKFFMQSTDAIQAEELYTFGGQDPSIITPSTDKSIYDKVLQNFRGIVDRLNKVLVCISDPNININIYKNKFKDKYKFVEDSEGKYSIDVESFDKLYKSLMFGFTETNIAENYKIKTRASYFSDSLPPVKIKNLLDNEIYTIEEGFNISDKDMEKEYRGQNKAINKQAYEEISKEHLAVYKIQMCKSVKAPGICIDVDNEDLFFIADKNSFSDDLSKNERIEYNTQSNYIENDFPINELILDTDLISKIELPSENTESLTDFNVDVPVYEKQPAIKKIFTDENTIFQYLYSQTFPLDIRDISLTSSFDDALLFSNKVYSFFSMDYIKTANKVVEAGLFAGWVKQIVNDFVIEANKSNTMDKIADISLIVPYIGLALNVGNETAKGNFENAFEIAGASILLEFIPELLIPVVGAFLLESYIDNKNKIIKTIDNALTKRNEKWSDMYGLIVAQWLSTVNTQFYTIKEGMYKALNYQAQALEEIIKYRYNIYSEKEKSNINIDFNDINSKLNEGINQAIDNINNFINGCSVSYLMKKMIPLAVEKLLDFDNTLKKNLLNYIDENKLYLIGSAEYEKSKVNKYLKTIMPFDLSIYTNDTILIEMFNKYNSEILNNIILNLRYKDNNLIDLSGYGAKVEVYDGVELNDKNQFKLTSSANSKIRVTQNQNIIFNSVFLDFSVSFWIRIPKYKNDGIQNYIHNEYTIINCMKNNSGWKISIRGNRIIWTLIDINGKTKSVFFEYNIREDISEYINRWFFVTITNNLNNAKIYINGKLESNTDIKDIREVIANGEIIFKLDGDIDRTQFIWMKYFSIFNTELSQSNIEERYKIQSYSEYLKDFWGNPLMYNKEYYMFNAGNKNSYIKLKKDSPVGEILTRSKYNQNSKYINYRDLYIGEKFIIRRKSNSQSINDDIVRKEDYIYLDFFNLNQEWRVYTYKYFKKEEEKLFLAPISDSDEFYNTIQIKEYDEQPTYSCQLLFKKDEESTDEIGLIGIHRFYESGIVFEEYKDYFCISKWYLKEVKRKPYNLKLGCNWQFIPKDEGWTE	GESQEDMFAKLKEKFFNEINK	linker	29.03	29.14	22.32	10/26/06
LNR	10.1.2.24	2orz	A	B	FKCMEALGMESGEIHSDQITASSQYGTNWSVERSRLNYPENGWTPGEDSYREWIQVDLGLLRFVTAVGTQGAISKETKKKYYVKTYRVDISSNGEDWITLKEGNKAIIFQGNTNPTDVVFGVFPKPLITRFVRIKPASWETGISMRFEVYGCKITDYPCSGMLGMVSGLISDSQITASNQGDRNWMPENIRLVTSRTGWALPPSPHPYINEWLQVDLGDEKIVRGVIIQGGKHRENKVFMRKFKIAYSNNGSDWKMIMDDSKRKAKSFEGNNNYDTPELRAFTPLSTRFIRIYPERATHSGLGLRMELLGCEVE	TKPR	sep	59.35	58.71	19.56	02/05/07
LNR	10.1.2.24	2orz	A	B	FKCMEALGMESGEIHSDQITASSQYGTNWSVERSRLNYPENGWTPGEDSYREWIQVDLGLLRFVTAVGTQGAISKETKKKYYVKTYRVDISSNGEDWITLKEGNKAIIFQGNTNPTDVVFGVFPKPLITRFVRIKPASWETGISMRFEVYGCKITDYPCSGMLGMVSGLISDSQITASNQGDRNWMPENIRLVTSRTGWALPPSPHPYINEWLQVDLGDEKIVRGVIIQGGKHRENKVFMRKFKIAYSNNGSDWKMIMDDSKRKAKSFEGNNNYDTPELRAFTPLSTRFIRIYPERATHSGLGLRMELLGCEVE	TKPR	linker	38.24	39.85	13.19	02/05/07
LNR	1.1.5.205	2qa9	E	I	ISGGDAIYSSTGRCSLGFNVRSGSTYYFLTAGHCTDGATTWWANSARTTVLGTTSGSSFPNNDYGIVRYTNTTIPKDGTVGGQDITSAANATVGMAVTRRGSTTGTHSGSVTALNATVNYGGGDVVYGMIRTNVCAEPGDSGGPLYSGTRAIGLTSGGSGNCSSGGTTFFQPVTEALSAYGVSVY	DAIY	sep	1.02	1.39	0.44	06/14/07
LNR	1.1.5.205	2qa9	E	I	ISGGDAIYSSTGRCSLGFNVRSGSTYYFLTAGHCTDGATTWWANSARTTVLGTTSGSSFPNNDYGIVRYTNTTIPKDGTVGGQDITSAANATVGMAVTRRGSTTGTHSGSVTALNATVNYGGGDVVYGMIRTNVCAEPGDSGGPLYSGTRAIGLTSGGSGNCSSGGTTFFQPVTEALSAYGVSVY	DAIY	linker	1.2	1.58	0.51	06/14/07
LNR	9.1.1.10	2qos	C	A	ASPISTIQPKANFDAQQFAGTWLLVAVGSAARFLQEQGHRAEATTLHVAPQGTAMAVSTFRKLDGICWQVRQLYGDTGVLGRFLLQARGARGAVHVVVAETDYQSFAVLYLERAGQLSVKLYARSLPVSDSVLSGFEQRVQEAHLTEDQIFYFPKYGFCEAADQFHVLDEVRR	LRYDSTAERLY	sep	0.35	1.12	0.42	07/20/07
LNR	9.1.1.10	2qos	C	A	ASPISTIQPKANFDAQQFAGTWLLVAVGSAARFLQEQGHRAEATTLHVAPQGTAMAVSTFRKLDGICWQVRQLYGDTGVLGRFLLQARGARGAVHVVVAETDYQSFAVLYLERAGQLSVKLYARSLPVSDSVLSGFEQRVQEAHLTEDQIFYFPKYGFCEAADQFHVLDEVRR	LRYDSTAERLY	linker	7.26	8.22	3.59	07/20/07
LNR	317.1.1.2	2v8x	A	B	MATVEPETTPTPNPPTTEEEKTESNQEVANPEHYIKHPLQNRWALWFFKNDKSKTWQANLRLISKFDTVEDFWALYNHIQLSSNLMPGCDYSLFKDGIEPMWEDEKNKRGGRWLITLNKQQRRSDLDRFWLETLLCLIGESFDDYSDDVCGAVVNVRAKGDKIAIWTTECENREAVTHIGRVYKERLGLPPKIVIGYQSHADTATKSGSTTKNRFVV	RIIYDRKFLMECRN	sep	0.77	1.5	0.41	08/16/07
LNR	317.1.1.2	2v8x	A	B	MATVEPETTPTPNPPTTEEEKTESNQEVANPEHYIKHPLQNRWALWFFKNDKSKTWQANLRLISKFDTVEDFWALYNHIQLSSNLMPGCDYSLFKDGIEPMWEDEKNKRGGRWLITLNKQQRRSDLDRFWLETLLCLIGESFDDYSDDVCGAVVNVRAKGDKIAIWTTECENREAVTHIGRVYKERLGLPPKIVIGYQSHADTATKSGSTTKNRFVV	RIIYDRKFLMECRN	linker	0.72	1.46	0.39	08/16/07
LNR	1.1.5.9	2wv5	C	G	GSGAPPTDLQKMVMGNTKPVELILDGKTVAICCATGVFGTAYLVPRHLFAEKYDKIMLDGRAMTDSDYRVFEFEIKVKGQDMLSDAALMVLHRGNKVRDITKHFRDTARMKKGTPVVGVVNNADVGRLIFSGEALTYKDIVVLMDGDTMPGLFAYKAATRAGYAGGAVLAKDGADTFIVGTHSAGGNGVGYCSCVSRSMLQKMKAHVDPEPHHE	XAPAKELLNFD	sep	13.17	13.76	5.43	10/13/09
LNR	1.1.5.9	2wv5	C	G	GSGAPPTDLQKMVMGNTKPVELILDGKTVAICCATGVFGTAYLVPRHLFAEKYDKIMLDGRAMTDSDYRVFEFEIKVKGQDMLSDAALMVLHRGNKVRDITKHFRDTARMKKGTPVVGVVNNADVGRLIFSGEALTYKDIVVLMDGDTMPGLFAYKAATRAGYAGGAVLAKDGADTFIVGTHSAGGNGVGYCSCVSRSMLQKMKAHVDPEPHHE	XAPAKELLNFD	linker	27.23	27.98	11.18	10/13/09
LNR	5001.1.1.32	2x72	A	B	XMCGTEGPNFYVPFSNKTGVVRSPFEAPQYYLAEPWQFSMLAAYMFLLIMLGFPINFLTLYVTVQHKKLRTPLNYILLNLAVADLFMVFGGFTTTLYTSLHGYFVFGPTGCNLQGFFATLGGEIALWSLVVLAIERYVVVCKPMSNFRFGENHAIMGVAFTWVMALACAAPPLVGWSRYIPEGMQCSCGIDYYTPHEETNNESFVIYMFVVHFIIPLIVIFFCYGQLVFTVKEAAAQQQESATTQKAEKEVTRMVIIMVIAFLICWLPYAGVAFYIFTHQGSCFGPIFMTIPAFFAKTSAVYNPVIYIMMNKQFRNCMVTTLCCGKNPLGDDEASTTVSKTETSQVAPA	ILENLKDCGLF	sep	28.43	28.7	13.56	02/22/10
LNR	5001.1.1.32	2x72	A	B	XMCGTEGPNFYVPFSNKTGVVRSPFEAPQYYLAEPWQFSMLAAYMFLLIMLGFPINFLTLYVTVQHKKLRTPLNYILLNLAVADLFMVFGGFTTTLYTSLHGYFVFGPTGCNLQGFFATLGGEIALWSLVVLAIERYVVVCKPMSNFRFGENHAIMGVAFTWVMALACAAPPLVGWSRYIPEGMQCSCGIDYYTPHEETNNESFVIYMFVVHFIIPLIVIFFCYGQLVFTVKEAAAQQQESATTQKAEKEVTRMVIIMVIAFLICWLPYAGVAFYIFTHQGSCFGPIFMTIPAFFAKTSAVYNPVIYIMMNKQFRNCMVTTLCCGKNPLGDDEASTTVSKTETSQVAPA	ILENLKDCGLF	linker	28.45	28.75	13.6	02/22/10
LNR	5.1.4.320	2xyi	A	B	MVDRSDNAAESFDDAVEERVINEEYKIWKKNTPFLYDLVMTHALEWPSLTAQWLPDVTKQDGKDYSVHRLILGTHTSDEQNHLLIASVQLPSEDAQFDGSHYDNEKGEFGGFGSVCGKIEIEIKINHEGEVNRARYMPQNACVIATKTPSSDVLVFDYTKHPSKPEPSGECQPDLRLRGHQKEGYGLSWNPNLNGYLLSASDDHTICLWDINATPKEHRVIDAKNIFTGHTAVVEDVAWHLLHESLFGSVADDQKLMIWDTRNNNTSKPSHTVDAHTAEVNCLSFNPYSEFILATGSADKTVALWDLRNLKLKLHSFESHKDEIFQVQWSPHNETILASSGTDRRLHVWDLSKIGEEQSTEDAEDGPPELLFIHGGHTAKISDFSWNPNEPWIICSVSEDNIMQVWQMAENVYNDEEPEIPASELETNTA	IQGITKPAIRRLARRGGVKR	sep	0.8	1.54	0.66	11/17/10
LNR	5.1.4.320	2xyi	A	B	MVDRSDNAAESFDDAVEERVINEEYKIWKKNTPFLYDLVMTHALEWPSLTAQWLPDVTKQDGKDYSVHRLILGTHTSDEQNHLLIASVQLPSEDAQFDGSHYDNEKGEFGGFGSVCGKIEIEIKINHEGEVNRARYMPQNACVIATKTPSSDVLVFDYTKHPSKPEPSGECQPDLRLRGHQKEGYGLSWNPNLNGYLLSASDDHTICLWDINATPKEHRVIDAKNIFTGHTAVVEDVAWHLLHESLFGSVADDQKLMIWDTRNNNTSKPSHTVDAHTAEVNCLSFNPYSEFILATGSADKTVALWDLRNLKLKLHSFESHKDEIFQVQWSPHNETILASSGTDRRLHVWDLSKIGEEQSTEDAEDGPPELLFIHGGHTAKISDFSWNPNEPWIICSVSEDNIMQVWQMAENVYNDEEPEIPASELETNTA	IQGITKPAIRRLARRGGVKR	linker	0.73	1.31	0.62	11/17/10
LNR	109.4.1.1254	2z5n	A	B	MEYEWKPDEQGLQQILQLLKESQSPDTTIQRTVQQKLEQLNQYPDFNNYLIFVLTKLKSEDEPTRSLSGLILKNNVKAHFQNFPNGVTDFIKSECLNNIGDSSPLIRATVGILITTIASKGELQNWPDLLPKLCSLLDSEDYNTCEGAFGALQKICEDSAEILDSDVLDRPLNIMIPKFLQFFKHSSPKIRSHAVACVNQFIISRTQALMLHIDSFIENLFALAGDEEPEVRKNVCRALVMLLEVRMDRLLPHMHNIVEYMLQRTQDQDENVALEACEFWLTLAEQPICKDVLVRHLPKLIPVLVNGMKYSDIDIILLKGDVEEDETIPDSEQDIRPRFHRSRTVAQQHDEDGIEEEDDDDDEIDDDDTISDWNLRKCSAAALDVLANVYRDELLPHILPLLKELLFHHEWVVKESGILVLGAIAEGCMQGMIPYLPELIPHLIQCLSDKKALVRSITCWTLSRYAHWVVSQPPDTYLKPLMTELLKRILDSNKRVQEAACSAFATLEEEACTELVPYLAYILDTLVFAFSKYQHKNLLILYDAIGTLADSVGHHLNKPEYIQMLMPPLIQKWNMLKDEDKDLFPLLECLSSVATALQSGFLPYCEPVYQRCVNLVQKTLAQAMLNNAQPDQYEAPDKDFMIVALDLLSGLAEGLGGNIEQLVARSNILTLMYQCMQDKMPEVRQSSFALLGDLTKACFQHVKPCIADFMPILGTNLNPEFISVCNNATWAIGEISIQMGIEMQPYIPMVLHQLVEIINRPNTPKTLLENTAITIGRLGYVCPQEVAPMLQQFIRPWCTSLRNIRDNEEKDSAFRGICTMISVNPSGVIQDFIFFCDAVASWINPKDDLRDMFCKILHGFKNQVGDENWRRFSDQFPLPLKERLAAFYGV	YSNQQSGYGKVSRRGGHQNSYKPY	sep	4.03	6.28	2.14	07/14/07
LNR	109.4.1.1254	2z5n	A	B	MEYEWKPDEQGLQQILQLLKESQSPDTTIQRTVQQKLEQLNQYPDFNNYLIFVLTKLKSEDEPTRSLSGLILKNNVKAHFQNFPNGVTDFIKSECLNNIGDSSPLIRATVGILITTIASKGELQNWPDLLPKLCSLLDSEDYNTCEGAFGALQKICEDSAEILDSDVLDRPLNIMIPKFLQFFKHSSPKIRSHAVACVNQFIISRTQALMLHIDSFIENLFALAGDEEPEVRKNVCRALVMLLEVRMDRLLPHMHNIVEYMLQRTQDQDENVALEACEFWLTLAEQPICKDVLVRHLPKLIPVLVNGMKYSDIDIILLKGDVEEDETIPDSEQDIRPRFHRSRTVAQQHDEDGIEEEDDDDDEIDDDDTISDWNLRKCSAAALDVLANVYRDELLPHILPLLKELLFHHEWVVKESGILVLGAIAEGCMQGMIPYLPELIPHLIQCLSDKKALVRSITCWTLSRYAHWVVSQPPDTYLKPLMTELLKRILDSNKRVQEAACSAFATLEEEACTELVPYLAYILDTLVFAFSKYQHKNLLILYDAIGTLADSVGHHLNKPEYIQMLMPPLIQKWNMLKDEDKDLFPLLECLSSVATALQSGFLPYCEPVYQRCVNLVQKTLAQAMLNNAQPDQYEAPDKDFMIVALDLLSGLAEGLGGNIEQLVARSNILTLMYQCMQDKMPEVRQSSFALLGDLTKACFQHVKPCIADFMPILGTNLNPEFISVCNNATWAIGEISIQMGIEMQPYIPMVLHQLVEIINRPNTPKTLLENTAITIGRLGYVCPQEVAPMLQQFIRPWCTSLRNIRDNEEKDSAFRGICTMISVNPSGVIQDFIFFCDAVASWINPKDDLRDMFCKILHGFKNQVGDENWRRFSDQFPLPLKERLAAFYGV	YSNQQSGYGKVSRRGGHQNSYKPY	linker	16.55	17.55	7.84	07/14/07
LNR	1.1.5.147	2z9i	A	G	ANMPPGSVEQVAAKVVPSVVMLETDLGRQSEEGSGIILSAEGLILTNNHVIAAAAKPPLGSPPPKTTVTFSDGRTAPFTVVGADPTSDIAVVRVQGVSGLTPISLGSSSDLRVGQPVLAIGSPLGLEGTVTTGIVSALNRPVSTTGEAGNQNTVLDAIQTDAAINPGNSGGALVNMNAQLVGVNSAIATLGADSADAQSGSIGLGFAIPVDQAKRIADELISTGKASHASLGVQVTNDKDTLGAKIVEVVAGGAAANAGVPKGVVVTKVDDRPINSADALVAAVRSKAPGATVALTFQDPSGGSRTVQVTLGKAEQLEHHHHHH	GATV	sep	0.65	0.76	0.35	09/20/07
LNR	1.1.5.147	2z9i	A	G	ANMPPGSVEQVAAKVVPSVVMLETDLGRQSEEGSGIILSAEGLILTNNHVIAAAAKPPLGSPPPKTTVTFSDGRTAPFTVVGADPTSDIAVVRVQGVSGLTPISLGSSSDLRVGQPVLAIGSPLGLEGTVTTGIVSALNRPVSTTGEAGNQNTVLDAIQTDAAINPGNSGGALVNMNAQLVGVNSAIATLGADSADAQSGSIGLGFAIPVDQAKRIADELISTGKASHASLGVQVTNDKDTLGAKIVEVVAGGAAANAGVPKGVVVTKVDDRPINSADALVAAVRSKAPGATVALTFQDPSGGSRTVQVTLGKAEQLEHHHHHH	GATV	linker	0.62	0.99	0.34	09/20/07
LNR	4.1.1.254	3ask	A	P	SLYKVNEYVDARDTNMGAWFEAQVVRVTRKAPSRPALEEDVIYHVKYDDYPENGVVQMNSRDVRARARTIIKWQDLEVGQVVMLNYNPDNPKERGFWYDAEISRKRETRTARELYANVVLGDDSLNDCRIIFVDEVFKIERPGEGSPMVDNPMRRKSGPSCKHCKDDVNRLCRVCACHLCGGRQDPDKQLMCDECDMAFHIYCLDPPLSSVPSEDEWYCPECRNDA	ARTKQTARKSTGG	sep	3.12	3.63	1.95	12/16/10
LNR	4.1.1.254	3ask	A	P	SLYKVNEYVDARDTNMGAWFEAQVVRVTRKAPSRPALEEDVIYHVKYDDYPENGVVQMNSRDVRARARTIIKWQDLEVGQVVMLNYNPDNPKERGFWYDAEISRKRETRTARELYANVVLGDDSLNDCRIIFVDEVFKIERPGEGSPMVDNPMRRKSGPSCKHCKDDVNRLCRVCACHLCGGRQDPDKQLMCDECDMAFHIYCLDPPLSSVPSEDEWYCPECRNDA	ARTKQTARKSTGG	linker	9.5	10.56	5.25	12/16/10
LNR	2498.1.1.124	3ayu	A	B	YNFFPRKPKWDKNQITYRIIGYTPDLDPETVDDAFARAFQVWSDVTPLRFSRIHDGEADIMINFGRWEHGDGYPFDGKDGLLAHAFAPGTGVGGDSHFDDDELWTLGKGVGYSLFLVAAHAFGHAMGLEHSQDPGALMAPIYTYTKNFRLSQDDIKGIQELYGASPD	ISYGNDALMP	sep	0.69	0.99	0.55	05/17/11
LNR	2498.1.1.124	3ayu	A	B	YNFFPRKPKWDKNQITYRIIGYTPDLDPETVDDAFARAFQVWSDVTPLRFSRIHDGEADIMINFGRWEHGDGYPFDGKDGLLAHAFAPGTGVGGDSHFDDDELWTLGKGVGYSLFLVAAHAFGHAMGLEHSQDPGALMAPIYTYTKNFRLSQDDIKGIQELYGASPD	ISYGNDALMP	linker	14.05	14.92	7.09	05/17/11
LNR	2007.2.3.10	3brh	A	C	MDQREILQKFLDEAQSKKITKEEFANEFLKLKRQSTKYKADKTYPTTVAEKPKNIKKNRYKDILPYDYSRVELSLITSDEDSSYINANFIKGVYGPKAYIATQGPLSTTLLDFWRMIWEYSVLIIVMACMEYEMGKKKCERYWAEPGEMQLEFGPFSVSCEAEKRKSDYIIRTLKVKFNSETRTIYQFHYKNWPAHDVPSSIDPILELIWDVRCYQEDDSVPICIHSSAGCGRTGVICAIDYTWMLLKDGIIPENFSVFSLIREMRTQRPSLVQTQEQYELVYNAVLELFKRQMDVIRDKHSGTESQAKH	DNEYTAR	sep	38.62	38.94	15.58	12/21/07
LNR	2007.2.3.10	3brh	A	C	MDQREILQKFLDEAQSKKITKEEFANEFLKLKRQSTKYKADKTYPTTVAEKPKNIKKNRYKDILPYDYSRVELSLITSDEDSSYINANFIKGVYGPKAYIATQGPLSTTLLDFWRMIWEYSVLIIVMACMEYEMGKKKCERYWAEPGEMQLEFGPFSVSCEAEKRKSDYIIRTLKVKFNSETRTIYQFHYKNWPAHDVPSSIDPILELIWDVRCYQEDDSVPICIHSSAGCGRTGVICAIDYTWMLLKDGIIPENFSVFSLIREMRTQRPSLVQTQEQYELVYNAVLELFKRQMDVIRDKHSGTESQAKH	DNEYTAR	linker	13.52	14.86	7.13	12/21/07
LNR	109.4.1.14	3c3o	A	B	MHHHHHHHHHHSGQNLYFQGHMATFISVQLKKTSEVDLAKPLVKFIQQTYPSGGEEQAQYCRAAEELSKLRRAAVGRPLDKHEGALETLLRYYDQICSIEPKFPFSENQICLTFTWKDAFDKGSLFGGSVKLALASLGYEKSCVLFNCAALASQIAAEQNLDNDEGLKIAAKHYQFASGAFLHIKETVLSALSREPTVDISPDTVGTLSLIMLAQAQEVFFLKATRDKMKDAIIAKLANQAADYFGDAFKQCQYKDTLPKEVFPVLAAKHCIMQANAEYHQSILAKQQKKFGEEIARLQHAAELIKTVASRYDEYVNVKDFSDKINRALAAAKKDNDFIYHDRVPDLKDLDPIGKATLVKSTPVNVPISQKFTDLFEKMV	DEEALKQLAEWVS	sep	0.97	1.05	0.63	01/28/08
LNR	109.4.1.14	3c3o	A	B	MHHHHHHHHHHSGQNLYFQGHMATFISVQLKKTSEVDLAKPLVKFIQQTYPSGGEEQAQYCRAAEELSKLRRAAVGRPLDKHEGALETLLRYYDQICSIEPKFPFSENQICLTFTWKDAFDKGSLFGGSVKLALASLGYEKSCVLFNCAALASQIAAEQNLDNDEGLKIAAKHYQFASGAFLHIKETVLSALSREPTVDISPDTVGTLSLIMLAQAQEVFFLKATRDKMKDAIIAKLANQAADYFGDAFKQCQYKDTLPKEVFPVLAAKHCIMQANAEYHQSILAKQQKKFGEEIARLQHAAELIKTVASRYDEYVNVKDFSDKINRALAAAKKDNDFIYHDRVPDLKDLDPIGKATLVKSTPVNVPISQKFTDLFEKMV	DEEALKQLAEWVS	linker	0.96	1.06	0.63	01/28/08
LNR	109.4.1.435	3cvl	A	B	GHMLQNNTDYPFEANNPYMYHENPMEEGLSMLKLANLAEAALAFEAVCQAAPEREEAWRSLGLTQAENEKDGLAIIALNHARMLDPKDIAVHAALAVSHTNEHNANAALASLRAWLLSQPQYEQLGSVNLQADVDIDDLNVQSEDFFFAAPNEYRECRTLLHAALEMNPNDAQLHASLGVLYNLSNNYDSAAANLRRAVELRPDDAQLWNKLGATLANGNRPQEALDAYNRALDINPGYVRVMYNMAVSYSNMSQYDLAAKQLVRAIYMQVGGTTPTGEASREATRSMWDFFRMLLNVMNRPDLVELTYAQNVEPFAKEFGLQSMLL	HEELAKL	sep	0.96	1.23	0.52	04/18/08
LNR	109.4.1.435	3cvl	A	B	GHMLQNNTDYPFEANNPYMYHENPMEEGLSMLKLANLAEAALAFEAVCQAAPEREEAWRSLGLTQAENEKDGLAIIALNHARMLDPKDIAVHAALAVSHTNEHNANAALASLRAWLLSQPQYEQLGSVNLQADVDIDDLNVQSEDFFFAAPNEYRECRTLLHAALEMNPNDAQLHASLGVLYNLSNNYDSAAANLRRAVELRPDDAQLWNKLGATLANGNRPQEALDAYNRALDINPGYVRVMYNMAVSYSNMSQYDLAAKQLVRAIYMQVGGTTPTGEASREATRSMWDFFRMLLNVMNRPDLVELTYAQNVEPFAKEFGLQSMLL	HEELAKL	linker	0.86	1.31	0.49	04/18/08
LNR	308.1.1.1	3dnj	A	C	TQKPSLYRVLILNDDYTPMEFVVYVLERFFNKSREDATRIMLHVHQNGVGVCGVYTYEVAETKVAQVIDSARRHQHPLQCTMEKD	YLFVQRDSKE	sep	21.91	22.82	8.12	07/02/08
LNR	308.1.1.1	3dnj	A	C	TQKPSLYRVLILNDDYTPMEFVVYVLERFFNKSREDATRIMLHVHQNGVGVCGVYTYEVAETKVAQVIDSARRHQHPLQCTMEKD	YLFVQRDSKE	linker	16.76	15.84	6.26	07/02/08
LNR	292.1.1.1	3n2d	A	B	DVSFRLSGADPSSYGMFIKDLRNALPHTEKVYNIPLLLPSVSGAGRYLLMHLFNYDGNTITVAVDVTNVYIMGYLALTTSYFFNEPAADLASQYVFRSARRKITLPYSGNYERLQIAAGKPREKIPIGLPALDTAISTLLHYDSTAAAGALLVLIQTTAEAARFKYIEQQIQERAYRDEVPSSATISLENSWSGLSKQIQLAQGNNGVFRTPTVLVDSKGNRVQITNVTSNVVTSNIQLLLNTKNI	SDDDMG	sep	16.83	16.92	8.1	05/18/10
LNR	292.1.1.1	3n2d	A	B	DVSFRLSGADPSSYGMFIKDLRNALPHTEKVYNIPLLLPSVSGAGRYLLMHLFNYDGNTITVAVDVTNVYIMGYLALTTSYFFNEPAADLASQYVFRSARRKITLPYSGNYERLQIAAGKPREKIPIGLPALDTAISTLLHYDSTAAAGALLVLIQTTAEAARFKYIEQQIQERAYRDEVPSSATISLENSWSGLSKQIQLAQGNNGVFRTPTVLVDSKGNRVQITNVTSNVVTSNIQLLLNTKNI	SDDDMG	linker	10.34	10.73	5.21	05/18/10
LNR	3156.1.1.10	3n55	A	B	SNAMFAPQGLAQFIKVNVTLENGEPVFIYTDANGQVCQGDITVTQAGTITYLLNDQTLKGLKFVGVGFVTPFDGIIDAVTISSDGMLVQLVDLDKTPGTTKFQFVLSNTANTLLVLSPD	PQIINRPQN	sep	3.61	6.15	1.78	05/24/10
LNR	3156.1.1.10	3n55	A	B	SNAMFAPQGLAQFIKVNVTLENGEPVFIYTDANGQVCQGDITVTQAGTITYLLNDQTLKGLKFVGVGFVTPFDGIIDAVTISSDGMLVQLVDLDKTPGTTKFQFVLSNTANTLLVLSPD	PQIINRPQN	linker	1.09	1.7	0.74	05/24/10
LNR	246.2.1.2	3n5u	A	C	MSDSEKLNLDSIIGRLLEVQGSRPGKNVQLTENEIRGLCLKSREIFLSQPILLELEAPLKICGDIHGQYYDLLRLFEYGGFPPESNYLFLGDYVDRGKQSLETICLLLAYKIKYPENFFLLRGNHECASINRIYGFYDECKRRYNIKLWKTFTDCFNCLPIAAIVDEKIFCCHGGLSPDLQSMEQIRRIMRPTDVPDQGLLCDLLWSDPDKDVQGWGENDRGVSFTFGAEVVAKFLHKHDLDLICRAHQVVEDGYEFFAKRQLVTLFSAPNYCGEFDNAGAMMSVDETLMCSFQILKPAD	KPLKKLRFDIEGS	sep	2	2.73	1.02	05/25/10
LNR	904.2.1.1	3nih	A	B	GSVHKHTGRNCGRKFKIGEPLYRCHECGCDDTCVLCIHCFNPKDHVNHHVCTDICTEFTSGICDCGDEEAWNSPLHCKAEEQ	RIAAA	sep	3.27	3.01	1.46	06/16/10
LNR	904.2.1.1	3nih	A	B	GSVHKHTGRNCGRKFKIGEPLYRCHECGCDDTCVLCIHCFNPKDHVNHHVCTDICTEFTSGICDCGDEEAWNSPLHCKAEEQ	RIAAA	linker	5.24	5.83	2.18	06/16/10
LNR	143.1.1.1	3pkn	A	B	GPLGSPLTASMLASAPPQEQKQMLGERLFPLIQAMHPTLAGKITGMLLEIDNSELLHMLESPESLRSKVDEAVAVLQAHQAKEAAQKA	TGLNPNAKVWQEIA	sep	14.37	15.56	6.27	11/11/10
LNR	143.1.1.1	3pkn	A	B	GPLGSPLTASMLASAPPQEQKQMLGERLFPLIQAMHPTLAGKITGMLLEIDNSELLHMLESPESLRSKVDEAVAVLQAHQAKEAAQKA	TGLNPNAKVWQEIA	linker	5.3	7.14	2.4	11/11/10
LNR	216.1.1.4	3r42	A	B	GAMSANGKISVPEAVVNWLFKVIQPIYNDGRTTFHDSLALLDNFHSLRPRTRVFTHSDGTPQLLLSIYGTISTGEDGSSPHSIPVIMWVPSMYPVKPPFISINLENFDMNTISSSLPIQEYIDSNGWIALPILHAWDPAAMNLIMVVQELMSLLHEPPQDQA	QVPSDPYNY	sep	24.54	25.16	10.51	03/17/11
LNR	216.1.1.4	3r42	A	B	GAMSANGKISVPEAVVNWLFKVIQPIYNDGRTTFHDSLALLDNFHSLRPRTRVFTHSDGTPQLLLSIYGTISTGEDGSSPHSIPVIMWVPSMYPVKPPFISINLENFDMNTISSSLPIQEYIDSNGWIALPILHAWDPAAMNLIMVVQELMSLLHEPPQDQA	QVPSDPYNY	linker	27.46	27.67	11.55	03/17/11
LNR	206.1.1.28	3r7g	A	B	GSGEGPREPGAAGGAAGGSRDALSLEEILRLYNQPINEEQAWAVCYQCCGSLRAAARRRQPRHRVRSAAQIRVWRDGAVTLAPAADDAGEPPPVAGKLGYSQCMETEVIESLGIIIYKALDYGLKENEERELSPPLEQLIDHMANTVEADGSNDEGYEAAEEGLGDEDEKRKISAIRSYRDVMKLCAAHLPTESDAPNHYQAVCRALFAETMELHTFLTK	KSLYKIKPRHDSGIKAKISMKT	sep	1.24	2.01	1.24	03/22/11
LNR	206.1.1.28	3r7g	A	B	GSGEGPREPGAAGGAAGGSRDALSLEEILRLYNQPINEEQAWAVCYQCCGSLRAAARRRQPRHRVRSAAQIRVWRDGAVTLAPAADDAGEPPPVAGKLGYSQCMETEVIESLGIIIYKALDYGLKENEERELSPPLEQLIDHMANTVEADGSNDEGYEAAEEGLGDEDEKRKISAIRSYRDVMKLCAAHLPTESDAPNHYQAVCRALFAETMELHTFLTK	KSLYKIKPRHDSGIKAKISMKT	linker	5.8	7.32	3.83	03/22/11
LNR	1.1.5.13	3rc4	A	B	GSHMASMKKKGSVVIVGRINLSGDTAYAQQTRGEEGCQETSQTGRDKNQVEGEVQIVSTATQTFLATSINGVLWTVYHGAGTRTIASPKGPVTQMYTNVDKDLVGWQAPQGSRSLTPCTCGSSDLYLVTRHADVIPVRRRGDSRGSLLSPRPISYLKGSAGGPLLCPAGHAVGIFRAAVSTRGVAKAVDFIPVESLETTMRSP	PPPPPPPPSSTPC	sep	23.14	23.41	9.23	03/30/11
LNR	1.1.5.13	3rc4	A	B	GSHMASMKKKGSVVIVGRINLSGDTAYAQQTRGEEGCQETSQTGRDKNQVEGEVQIVSTATQTFLATSINGVLWTVYHGAGTRTIASPKGPVTQMYTNVDKDLVGWQAPQGSRSLTPCTCGSSDLYLVTRHADVIPVRRRGDSRGSLLSPRPISYLKGSAGGPLLCPAGHAVGIFRAAVSTRGVAKAVDFIPVESLETTMRSP	PPPPPPPPSSTPC	linker	28.34	28.55	10.94	03/30/11
LNR	109.4.1.217	3ro3	A	B	GPGSRAAQGRAFGNLGNTHYLLGNFRDAVIAHEQRLLIAKEFGDKAAERIAYSNLGNAYIFLGEFETASEYYKKTLLLARQLKDRAVEAQSCYSLGNTYTLLQDYEKAIDYHLKHLAIAQELKDRIGEGRACWSLGNAYTALGNHDQAMHFAEKHLEISREVGD	RLHFMQVDSVQRWMEDLKLMTE	sep	0.91	1.6	0.58	04/25/11
LNR	109.4.1.217	3ro3	A	B	GPGSRAAQGRAFGNLGNTHYLLGNFRDAVIAHEQRLLIAKEFGDKAAERIAYSNLGNAYIFLGEFETASEYYKKTLLLARQLKDRAVEAQSCYSLGNTYTLLQDYEKAIDYHLKHLAIAQELKDRIGEGRACWSLGNAYTALGNHDQAMHFAEKHLEISREVGD	RLHFMQVDSVQRWMEDLKLMTE	linker	29.04	29.09	15.54	04/25/11
LNR	2498.1.1.26	3t6j	A	B	MADTQYILPNDIGVSSLDCREAFRLLSPTERLYAYHLSRAAWYGGLAVLLQTSPEAPYIYALLSRLFRAQDPDQLRQHALAEGLTEEEYQAFLVYAAGVYSNMGNYKSFGDTKFVPNLPKEKLERVILGSEAAQQHPEEVRGLWQTCGELMFSLEPRLRHLGLGKEGITTYFSGNCTMEDAKLAQDFLDSQNLSAYNTRLFKEVDGEGKPYYEVRLASVLGSEPSLDSEVTSKLKSYEFRGSPFQVTRGDYAPILQKVVEQLEKAKAYAANSHQGQMLAQYIESFTQGSIEAHKRGSRFWIQDKGPIVESYIGFIESYRDPFGSRGEFEGFVAVVNKAMSAKFERLVASAEQLLKELPWPPTFEKDKFLTPDFTSLDVLTFAGSGIPAGINIPNYDDLRQTEGFKNVSLGNVLAVAYATQREKLTFLEEDDKDLYILWKGPSFDVQVGLHALLGHGSGKLFVQDEKGAFNFDQETVINPETGEQIQSWYRSGETWDSKFSTIASSYEECRAESVGLYLCLHPQVLEIFGFEGADAEDVIYVNWLNMVRAGLLALEFYTPEAFNWRQAHMQARFVILRVLLEAGEGLVTITPTTGSDGRPDARVRLDRSKIRSVGKPALERFLRRLQVLKSTGDVAGGRALYEGYATVTDAPPECFLTLRDTVLLRKESRKLIVQPNTRLEGSDVQLLEYEASAAGLIRSFSERFPEDGPELEEILTQLATADARFW	VVYPW	sep	1.39	2.79	0.78	07/28/11
LNR	2498.1.1.26	3t6j	A	B	MADTQYILPNDIGVSSLDCREAFRLLSPTERLYAYHLSRAAWYGGLAVLLQTSPEAPYIYALLSRLFRAQDPDQLRQHALAEGLTEEEYQAFLVYAAGVYSNMGNYKSFGDTKFVPNLPKEKLERVILGSEAAQQHPEEVRGLWQTCGELMFSLEPRLRHLGLGKEGITTYFSGNCTMEDAKLAQDFLDSQNLSAYNTRLFKEVDGEGKPYYEVRLASVLGSEPSLDSEVTSKLKSYEFRGSPFQVTRGDYAPILQKVVEQLEKAKAYAANSHQGQMLAQYIESFTQGSIEAHKRGSRFWIQDKGPIVESYIGFIESYRDPFGSRGEFEGFVAVVNKAMSAKFERLVASAEQLLKELPWPPTFEKDKFLTPDFTSLDVLTFAGSGIPAGINIPNYDDLRQTEGFKNVSLGNVLAVAYATQREKLTFLEEDDKDLYILWKGPSFDVQVGLHALLGHGSGKLFVQDEKGAFNFDQETVINPETGEQIQSWYRSGETWDSKFSTIASSYEECRAESVGLYLCLHPQVLEIFGFEGADAEDVIYVNWLNMVRAGLLALEFYTPEAFNWRQAHMQARFVILRVLLEAGEGLVTITPTTGSDGRPDARVRLDRSKIRSVGKPALERFLRRLQVLKSTGDVAGGRALYEGYATVTDAPPECFLTLRDTVLLRKESRKLIVQPNTRLEGSDVQLLEYEASAAGLIRSFSERFPEDGPELEEILTQLATADARFW	VVYPW	linker	3.69	7.08	1.62	07/28/11
LNR	7569.1.1.1	3ufm	A	B	MTDQPDLFGLAPDAPRPIIPANLPEDWQEALLPEFSAPYFHELTDFLRQERKEYTIYPPAPDVFNALRYTPLGEVKVLILGQDPYHGPNQAHGLSFSVRPGVRVPPSLRNIYKELTEDIPGFVAPKHGYLRSWAEQGVLLLNAVLTVRAGQANSHQGKGWEHFTDAVIKAVNAKEERVVFILWGSYARKKKKLITGKNHVVIESGHPSPLSEQYFFGTRPFSKTNEALEKAGRGPVEWQLPATVTEELEHHHHHH	DDFPPEEDDLPF	sep	0.54	0.85	0.32	11/01/11
LNR	7569.1.1.1	3ufm	A	B	MTDQPDLFGLAPDAPRPIIPANLPEDWQEALLPEFSAPYFHELTDFLRQERKEYTIYPPAPDVFNALRYTPLGEVKVLILGQDPYHGPNQAHGLSFSVRPGVRVPPSLRNIYKELTEDIPGFVAPKHGYLRSWAEQGVLLLNAVLTVRAGQANSHQGKGWEHFTDAVIKAVNAKEERVVFILWGSYARKKKKLITGKNHVVIESGHPSPLSEQYFFGTRPFSKTNEALEKAGRGPVEWQLPATVTEELEHHHHHH	DDFPPEEDDLPF	linker	26.64	26.36	11.05	11/01/11
LNR	5.1.4.312	3v7d	B	E	GAGTLIKDNLKRDLITSLPFEISLKIFNYLQFEDIINSLGVSQNWNKIIRKSTSLWKKLLISENFVSPKGFNSLNLKLSQKYPKLSQQDRLRLSFLENIFILKNWYNPKFVPQRTTLRGHMTSVITCLQFEDNYVITGADDKMIRVYDSINKKFLLQLSGHDGGVWALKYAHGGILVSGSTDRTVRVWDIKKGCCTHVFEGHNSTVRCLDIVEYKNIKYIVTGSRDNTLHVWKLPKESSVPDHGEEHDYPLVFHTPEENPYFVGVLRGHMASVRTVSGHGNIVVSGSYDNTLIVWDVAQMKCLYILSGHTDRIYSTIYDHERKRCISASMDTTIRIWDLENGELMYTLQGHTALVGLLRLSDKFLVSAAADGSIRGWDANDYSRKFSYHHTNLSAITTFYVSDNILVSGSENQFNIYNLRSGKLVHANILKDADQIWSVNFKGKTLVAAVEKDGQSFLEILDFS	MTSPFNGLTSPQRSPFPKS	sep	10.77	11.77	5.47	12/20/11
LNR	5.1.4.312	3v7d	B	E	GAGTLIKDNLKRDLITSLPFEISLKIFNYLQFEDIINSLGVSQNWNKIIRKSTSLWKKLLISENFVSPKGFNSLNLKLSQKYPKLSQQDRLRLSFLENIFILKNWYNPKFVPQRTTLRGHMTSVITCLQFEDNYVITGADDKMIRVYDSINKKFLLQLSGHDGGVWALKYAHGGILVSGSTDRTVRVWDIKKGCCTHVFEGHNSTVRCLDIVEYKNIKYIVTGSRDNTLHVWKLPKESSVPDHGEEHDYPLVFHTPEENPYFVGVLRGHMASVRTVSGHGNIVVSGSYDNTLIVWDVAQMKCLYILSGHTDRIYSTIYDHERKRCISASMDTTIRIWDLENGELMYTLQGHTALVGLLRLSDKFLVSAAADGSIRGWDANDYSRKFSYHHTNLSAITTFYVSDNILVSGSENQFNIYNLRSGKLVHANILKDADQIWSVNFKGKTLVAAVEKDGQSFLEILDFS	MTSPFNGLTSPQRSPFPKS	linker	17.52	18.14	8.37	12/20/11
LNR	221.1.1.3	3vxw	A	B	GAHMKSTFKSEYPFEKRKAESERIADRFKNRIPVICEKAEKSDIPEIDKRKYLVPADLTVGQFVYVIRKRIMLPPEKAIFIFVNDTLPPTAALMSAIYQEHKDKDGFLYVTYSGENTFG	SWQAIQ	sep	0.61	1	0.41	09/21/12
LNR	221.1.1.3	3vxw	A	B	GAHMKSTFKSEYPFEKRKAESERIADRFKNRIPVICEKAEKSDIPEIDKRKYLVPADLTVGQFVYVIRKRIMLPPEKAIFIFVNDTLPPTAALMSAIYQEHKDKDGFLYVTYSGENTFG	SWQAIQ	linker	0.61	1.12	0.4	09/21/12
LNR	1075.5.1.1	3wbn	A	B	MSEKTTKGVQLLRGDPKKAIVRLSIPMMIGMSVQTLYNLADGIWVSGLGPESLAAVGLFFPVFMGIIALAAGLGVGTSSAIARRIGARDKEGADNVAVHSLILSLILGVTITITMLPAIDSLFRSMGAKGEAVELAIEYARVLLAGAFIIVFNNVGNGILRGEGDANRAMLAMVLGSGLNIVLDPIFIYTLGFGVVGAAYATLLSMVVTSLFIAYWLFVKRDTYVDITLRDFSPSREILKDILRVGLPSSLSQLSMSIAMFFLNSVAITAGGENGVAVFTSAWRITMLGIVPILGMAAATTSVTGAAYGERNVEKLETAYLYAIKIAFMIELAVVAFIMLFAPQVAYLFTYSESAQVIKGDLISALRTLPVFLVLTPFGMMTSAMFQGIGEGEKSLILTIFRTLVMQVGFAYIFVHYTTLGLRGVWIGIVIGNMVAAIVGFLWGRMRISALKKTSATGGKR	AFTFRYSPSLYTWFLFPCG	sep	16.37	16.98	8.88	05/20/13
LNR	2498.1.1.15	4aph	A	P	LVTDEAEASKFVEEYDRTSQVVWNEYAEANWNYNTNITTETSKILLQKNMQIANHTLKYGTQARKFDVNQLQNTTIKRIIKKVQDLERAALPAQELEEYNKILLDMETTYSVATVCHPNGSCLQLEPDLTNVMATSRKYEDLLWAWEGWRDKAGRAILQFYPKYVELINQAARLNGYVDAGDSWRSMYETPSLEQDLERLFQELQPLYLNLHAYVRRALHRHYGAQHINLEGPIPAHLLGNMWAQTWSNIYDLVVPFPSAPSMDTTEAMLKQGWTPRRMFKEADDFFTSLGLLPVPPEFWNKSMLEKPTDGREVVCHASAWDFYNGKDFRIKQCTTVNLEDLVVAHHEMGHIQYFMQYKDLPVALREGANPGFHEAIGDVLALSVSTPKHLHSLNLLSSEGGSDEHDINFLMKMALDKIAFIPFSYLVDQWRWRVFDGSITKENYNQEWWSLRLKYQGLCPPVPRTQGDFDPGAKFHIPSSVPYIRYFVSFIIQFQFHEALCQAAGHTGPLHKCDIYQSKEAGQRLATAMKLGFSRPWPEAMQLITGQPNMSASAMLSYFKPLLDWLRTENELHGEKLGWPQYNWTPNS	DRVYIHPF	sep	11.24	13.16	4.79	04/03/12
LNR	2498.1.1.15	4aph	A	P	LVTDEAEASKFVEEYDRTSQVVWNEYAEANWNYNTNITTETSKILLQKNMQIANHTLKYGTQARKFDVNQLQNTTIKRIIKKVQDLERAALPAQELEEYNKILLDMETTYSVATVCHPNGSCLQLEPDLTNVMATSRKYEDLLWAWEGWRDKAGRAILQFYPKYVELINQAARLNGYVDAGDSWRSMYETPSLEQDLERLFQELQPLYLNLHAYVRRALHRHYGAQHINLEGPIPAHLLGNMWAQTWSNIYDLVVPFPSAPSMDTTEAMLKQGWTPRRMFKEADDFFTSLGLLPVPPEFWNKSMLEKPTDGREVVCHASAWDFYNGKDFRIKQCTTVNLEDLVVAHHEMGHIQYFMQYKDLPVALREGANPGFHEAIGDVLALSVSTPKHLHSLNLLSSEGGSDEHDINFLMKMALDKIAFIPFSYLVDQWRWRVFDGSITKENYNQEWWSLRLKYQGLCPPVPRTQGDFDPGAKFHIPSSVPYIRYFVSFIIQFQFHEALCQAAGHTGPLHKCDIYQSKEAGQRLATAMKLGFSRPWPEAMQLITGQPNMSASAMLSYFKPLLDWLRTENELHGEKLGWPQYNWTPNS	DRVYIHPF	linker	3.49	6.42	1.56	04/03/12
LNR	3777.1.1.1	4bta	A	C	MHHHHHHHPGFFTSIGQMTDLIHTEKDLVTSLKDYIKAEEDKLEQIKKWAEKLDRLTSTATKDPEGFVGHPVNAFKLMKRLNTEWSELENLVLKDMSDGFISNLTIQRQYFPNDEDQVGAAKALLRLQDTYNLDTDTISKGNLPGVKHKSFLTAEDCFELGKVAYTEADYYHTELWMEQALRQLDEGEISTIDKVSVLDYLSYAVYQQGDLDKALLLTKKLLELDPEHQRANGNLKYFEYIMAKEKDVNKS	PPGPPGPPG	sep	1.69	1.77	0.8	06/14/13
LNR	3777.1.1.1	4bta	A	C	MHHHHHHHPGFFTSIGQMTDLIHTEKDLVTSLKDYIKAEEDKLEQIKKWAEKLDRLTSTATKDPEGFVGHPVNAFKLMKRLNTEWSELENLVLKDMSDGFISNLTIQRQYFPNDEDQVGAAKALLRLQDTYNLDTDTISKGNLPGVKHKSFLTAEDCFELGKVAYTEADYYHTELWMEQALRQLDEGEISTIDKVSVLDYLSYAVYQQGDLDKALLLTKKLLELDPEHQRANGNLKYFEYIMAKEKDVNKS	PPGPPGPPG	linker	1.8	1.92	0.8	06/14/13
LNR	5084.5.3.8	4cu4	A	B	SAWGPAATIAARQSATGTKTDTPIQKVPQSISVVTAEEMALHQPKSVKEALSYTPGVSVGTRGASNTYDHLIIRGFAAEGQSQNNYLNGLKLQGNFYNDAVIDPYMLERAEIMRGPVSVLYGKSSPGGLLNMVSKRPTTEPLKEVQFKAGTDSLFQTGFDFSDSLDDDGVYSYRLTGLARSANAQQKGSEEQRYAIAPAFTWRPDDKTNFTFLSYFQNEPETGYYGWLPKEGTVEPLPNGKRLPTDFNEGAKNNTYSRNEKMVGYSFDHEFNDTFTVRQNLRFAENKTSQNSVYGYGVCSDPANAYSKQCAALAPADKGHYLARKYVVDDEKLQNFSVDTQLQSKFATGDIDHTLLTGVDFMRMRNDINAWFGYDDSVPLLNLYNPSSHHHHHHGSSVNTDFDFNAKDPANSGPYRILNKQKQTGVYVQDQAQWDKVLVTLGGRYDWADQESLNRVAGTTDKRDDKQFTWRGGVNYLFDNGVTPYFSYSESFEPSSQVGKDGNIFAPSKGKQYEVGVKYVPEDRPIVVTGAVYNLTKTNNLMADPEGSFFSVEGGEIRARGVEIEAKAALSASVNVVGSYTYTDAEYTTDTTYKGNTPAQVPKHMASLWADYTFFDGPLSGLTLGTGGRYTGSSYGDPANSFKVGSYTVVDALVRYDLARVGMAGSNVALHVNNLFDREYVASCFNTYGCFWGAERQVVATATFRF	GGAGHVPEYFVGIGTPISFYG	sep	15.34	14.79	9.34	03/17/14
LNR	5084.5.3.8	4cu4	A	B	SAWGPAATIAARQSATGTKTDTPIQKVPQSISVVTAEEMALHQPKSVKEALSYTPGVSVGTRGASNTYDHLIIRGFAAEGQSQNNYLNGLKLQGNFYNDAVIDPYMLERAEIMRGPVSVLYGKSSPGGLLNMVSKRPTTEPLKEVQFKAGTDSLFQTGFDFSDSLDDDGVYSYRLTGLARSANAQQKGSEEQRYAIAPAFTWRPDDKTNFTFLSYFQNEPETGYYGWLPKEGTVEPLPNGKRLPTDFNEGAKNNTYSRNEKMVGYSFDHEFNDTFTVRQNLRFAENKTSQNSVYGYGVCSDPANAYSKQCAALAPADKGHYLARKYVVDDEKLQNFSVDTQLQSKFATGDIDHTLLTGVDFMRMRNDINAWFGYDDSVPLLNLYNPSSHHHHHHGSSVNTDFDFNAKDPANSGPYRILNKQKQTGVYVQDQAQWDKVLVTLGGRYDWADQESLNRVAGTTDKRDDKQFTWRGGVNYLFDNGVTPYFSYSESFEPSSQVGKDGNIFAPSKGKQYEVGVKYVPEDRPIVVTGAVYNLTKTNNLMADPEGSFFSVEGGEIRARGVEIEAKAALSASVNVVGSYTYTDAEYTTDTTYKGNTPAQVPKHMASLWADYTFFDGPLSGLTLGTGGRYTGSSYGDPANSFKVGSYTVVDALVRYDLARVGMAGSNVALHVNNLFDREYVASCFNTYGCFWGAERQVVATATFRF	GGAGHVPEYFVGIGTPISFYG	linker	15.27	15.75	9.13	03/17/14
LNR	5.1.4.328	4cy3	A	D	GAMGASNKSSLSVKPNYTLKFTLAGHTKAVSAVKFSPNGEWLASSSADKLIKIWGAYDGKFEKTISGHKLGISDVAWSSDSRLLVSGSDDKTLKVWELSTGKSLKTLKGHSNYVFCCNFNPQSNLIVSGSFDESVRIWDVRTGKCLKTLPAHSDPVSAVHFNRDGSLIVSSSYDGLCRIWDTASGQCLKTLIDDDNPPVSFVKFSPNGKYILAATLDNTLKLWDYSKGKCLKTYTGHKNEKYCIFANFSVTGGKWIVSGSEDNMVYIWNLQSKEVVQKLQGHTDTVLCTACHPTENIIASAALENDKTIKLWKSDT	GSDYLCSRARPLVLSE	sep	3.59	6.83	1.74	04/10/14
LNR	5.1.4.328	4cy3	A	D	GAMGASNKSSLSVKPNYTLKFTLAGHTKAVSAVKFSPNGEWLASSSADKLIKIWGAYDGKFEKTISGHKLGISDVAWSSDSRLLVSGSDDKTLKVWELSTGKSLKTLKGHSNYVFCCNFNPQSNLIVSGSFDESVRIWDVRTGKCLKTLPAHSDPVSAVHFNRDGSLIVSSSYDGLCRIWDTASGQCLKTLIDDDNPPVSFVKFSPNGKYILAATLDNTLKLWDYSKGKCLKTYTGHKNEKYCIFANFSVTGGKWIVSGSEDNMVYIWNLQSKEVVQKLQGHTDTVLCTACHPTENIIASAALENDKTIKLWKSDT	GSDYLCSRARPLVLSE	linker	0.65	1.14	0.43	04/10/14
LNR	5084.2.1.1	4dcb	A	F	LIPNISPDSFTVAASTGMLSGKSHEMLYDAETGRKISQLDWKIKNVAILKGDISWDPYSFLTLNARGWTSLASGSGNMDNYDWMNENQSEWTDHSSHPATNVNHANEYDLNVKGWLLQDENYKAGITAGYQETRFSWTATGGSYSYNNGAYTGNFPKGVRVIGYNQRFSMPYIGLAGQYRINDFELNALFKFSDWVRAHDNDEHYMRDLTFREKTSGSRYYGTVINAGYYVTPNAKVFAEFTYSKYDEGKGGTQTIDKNSGDSVSIGGDAAGISNKNYTVTAGLQYRFGGGHHHHHH	KCPGRVVGGCK	sep	11.98	12.53	6.31	01/17/12
LNR	5084.2.1.1	4dcb	A	F	LIPNISPDSFTVAASTGMLSGKSHEMLYDAETGRKISQLDWKIKNVAILKGDISWDPYSFLTLNARGWTSLASGSGNMDNYDWMNENQSEWTDHSSHPATNVNHANEYDLNVKGWLLQDENYKAGITAGYQETRFSWTATGGSYSYNNGAYTGNFPKGVRVIGYNQRFSMPYIGLAGQYRINDFELNALFKFSDWVRAHDNDEHYMRDLTFREKTSGSRYYGTVINAGYYVTPNAKVFAEFTYSKYDEGKGGTQTIDKNSGDSVSIGGDAAGISNKNYTVTAGLQYRFGGGHHHHHH	KCPGRVVGGCK	linker	15.89	16.91	7.72	01/17/12
LNR	1.1.5.20	4fvd	A	C	GSGKFGQQSGAIYVGNFRVVNRHLATHNDWANLVWEDSSRDLLVSSTTAQGCDTIARCNCQTGVYYCNSRRKHYPVSFSKPSLIYVEASEYYPARYQSHLMLAQGHSEPGDAGGILRCQHGVVGIVSTGGNGLVGFADVRDLLWLDEEAMEQ	GSITTLGKFG	sep	14.78	14.22	5.57	06/29/12
LNR	1.1.5.20	4fvd	A	C	GSGKFGQQSGAIYVGNFRVVNRHLATHNDWANLVWEDSSRDLLVSSTTAQGCDTIARCNCQTGVYYCNSRRKHYPVSFSKPSLIYVEASEYYPARYQSHLMLAQGHSEPGDAGGILRCQHGVVGIVSTGGNGLVGFADVRDLLWLDEEAMEQ	GSITTLGKFG	linker	13.7	13.99	5.05	06/29/12
LNR	5.1.4.46	4j86	B	D	MKLDIKKTFSNRSDRVKGIDFHPTEPWVLTTLYSGRVEIWNYETQVEVRSIQVTETPVRAGKFIARKNWIIVGSDDFRIRVFNYNTGEKVVDFEAHPDYIRSIAVHPTKPYVLSGSDDLTVKLWNWENNWALEQTFEGHEHFVMCVAFNPKDPSTFASGCLDRTVKVWSLGQSTPNFTLTTGQERGVNYVDYYPLPDKPYMITASDDLTIKIWDYQTKSCVATLEGHMSNVSFAVFHPTLPIIISGSEDGTLKIWNSSTYKVEKTLNVGLERSWCIATHPTGRKNYIASGFDNGFTVLSLG	TFKKTN	sep	29.64	30.75	12.93	02/14/13
LNR	5.1.4.46	4j86	B	D	MKLDIKKTFSNRSDRVKGIDFHPTEPWVLTTLYSGRVEIWNYETQVEVRSIQVTETPVRAGKFIARKNWIIVGSDDFRIRVFNYNTGEKVVDFEAHPDYIRSIAVHPTKPYVLSGSDDLTVKLWNWENNWALEQTFEGHEHFVMCVAFNPKDPSTFASGCLDRTVKVWSLGQSTPNFTLTTGQERGVNYVDYYPLPDKPYMITASDDLTIKIWDYQTKSCVATLEGHMSNVSFAVFHPTLPIIISGSEDGTLKIWNSSTYKVEKTLNVGLERSWCIATHPTGRKNYIASGFDNGFTVLSLG	TFKKTN	linker	9.61	11.11	4.77	02/14/13
LNR	3705.1.1.1	4k0u	A	B	KNTASRSAASVPANEQISQLASLVAASKYLRVQCERSDLPDDGTILKTAVNVAVQKGWDTGRYQSLPQLSENLYQGLLKDGTPKATQCSSFNRTMTPFLDAMRTVR	RTFRQVQSSISDFYD	sep	0.79	1.73	0.4	04/04/13
LNR	3705.1.1.1	4k0u	A	B	KNTASRSAASVPANEQISQLASLVAASKYLRVQCERSDLPDDGTILKTAVNVAVQKGWDTGRYQSLPQLSENLYQGLLKDGTPKATQCSSFNRTMTPFLDAMRTVR	RTFRQVQSSISDFYD	linker	1.71	3.94	1.02	04/04/13
LNR	2498.1.1.122	4ka7	A	C	GPLGSAAAVESVVSDETLSSNPLLQDFDFPPFDSVDASHVRPGIRALLQHLEAELEELEKSVEPTWPKLVEPLEKIVDRLTVVWGMINHLKAVKDTPELRAAIEDVQPEKVKFQLRLGQSKPIYNAFKAIRESPDWSSLSEARQRLVEAQIKEAVLIGIALDDEKREEFNKIEQELEKLSHKFSENVLDATKKFEKLITDKKEIEGLPPSALGLFAQAAVSKGHENATAENGPWIITLDAPSYLPVMQHAKNRALREEVYRAYLSRASSGDLDNTAIIDQILKLRLEKAKLLGYNNYAEVSMAMKMATVEKAAELLEKLRSASWDAAVQDMEDLKSFAKNQGAAESDSMTHWDTTFWSERLRESKYDINEEELRPYFSLPKVMDGLFSLAKTLFGIDIEPADGLAPVWNNDVRFYRVKDSSGNPIAYFYFDPYSRPSEKRGGAWMDEVVSRSRVMAQKGSSVRLPVAHMVCNQTPPVGDKPSLMTFREVETVFHQFGHALQHMLTKQDEGLVAGIRNIEWDAVELPSQFMENWCYHRDTLMSIAKHYETGETLPEEVYKKLLAARTFRAGSFSLRQLKFASVDLELHTKYVPGGPESIYDVDQRVSVKTQVIPPLPEDRFLCSFSHIFAGGYAAGYYSYKWAEVLSADAFSAFEDAGLDDIKAVKETGQRFRNTILALGGGKAPLKVFVEFRGREPSPEPLLRHNGLLAASASA	AAAA	sep	10.44	10.24	4.13	04/22/13
LNR	2498.1.1.122	4ka7	A	C	GPLGSAAAVESVVSDETLSSNPLLQDFDFPPFDSVDASHVRPGIRALLQHLEAELEELEKSVEPTWPKLVEPLEKIVDRLTVVWGMINHLKAVKDTPELRAAIEDVQPEKVKFQLRLGQSKPIYNAFKAIRESPDWSSLSEARQRLVEAQIKEAVLIGIALDDEKREEFNKIEQELEKLSHKFSENVLDATKKFEKLITDKKEIEGLPPSALGLFAQAAVSKGHENATAENGPWIITLDAPSYLPVMQHAKNRALREEVYRAYLSRASSGDLDNTAIIDQILKLRLEKAKLLGYNNYAEVSMAMKMATVEKAAELLEKLRSASWDAAVQDMEDLKSFAKNQGAAESDSMTHWDTTFWSERLRESKYDINEEELRPYFSLPKVMDGLFSLAKTLFGIDIEPADGLAPVWNNDVRFYRVKDSSGNPIAYFYFDPYSRPSEKRGGAWMDEVVSRSRVMAQKGSSVRLPVAHMVCNQTPPVGDKPSLMTFREVETVFHQFGHALQHMLTKQDEGLVAGIRNIEWDAVELPSQFMENWCYHRDTLMSIAKHYETGETLPEEVYKKLLAARTFRAGSFSLRQLKFASVDLELHTKYVPGGPESIYDVDQRVSVKTQVIPPLPEDRFLCSFSHIFAGGYAAGYYSYKWAEVLSADAFSAFEDAGLDDIKAVKETGQRFRNTILALGGGKAPLKVFVEFRGREPSPEPLLRHNGLLAASASA	AAAA	linker	4.04	4.65	1.61	04/22/13
LNR	207.1.1.224	4mn8	A	C	QSFEPEIEALKSFKNGISNDPLGVLSDWTIIGSLRHCNWTGITCDSTGHVVSVSLLEKQLEGVLSPAIANLTYLQVLDLTSNSFTGKIPAEIGKLTELNQLILYLNYFSGSIPSGIWELKNIFYLDLRNNLLSGDVPEEICKTSSLVLIGFDYNNLTGKIPECLGDLVHLQMFVAAGNHLTGSIPVSIGTLANLTDLDLSGNQLTGKIPRDFGNLLNLQSLVLTENLLEGDIPAEIGNCSSLVQLELYDNQLTGKIPAELGNLVQLQALRIYKNKLTSSIPSSLFRLTQLTHLGLSENHLVGPISEEIGFLESLEVLTLHSNNFTGEFPQSITNLRNLTVLTVGFNNISGELPADLGLLTNLRNLSAHDNLLTGPIPSSISNCTGLKLLDLSHNQMTGEIPRGFGRMNLTFISIGRNHFTGEIPDDIFNCSNLETLSVADNNLTGTLKPLIGKLQKLRILQVSYNSLTGPIPREIGNLKDLNILYLHSNGFTGRIPREMSNLTLLQGLRMYSNDLEGPIPEEMFDMKLLSVLDLSNNKFSGQIPALFSKLESLTYLSLQGNKFNGSIPASLKSLSLLNTFDISDNLLTGTIPGELLASLKNMQLYLNFSNNLLTGTIPKELGKLEMVQEIDLSNNLFSGSIPRSLQACKNVFTLDFSQNNLSGHIPDEVFQGMDMIISLNLSRNSFSGEIPQSFGNMTHLVSLDLSSNNLTGEIPESLANLSTLKHLKLASNNLKGHVPESGVFKNINASDLMGNTDLCGSKKPLKPCTIKQKSSHHHHHHH	QRLSTGSRINSAKDDAAGLQIA	sep	21.76	21.62	9.73	09/10/13
LNR	207.1.1.224	4mn8	A	C	QSFEPEIEALKSFKNGISNDPLGVLSDWTIIGSLRHCNWTGITCDSTGHVVSVSLLEKQLEGVLSPAIANLTYLQVLDLTSNSFTGKIPAEIGKLTELNQLILYLNYFSGSIPSGIWELKNIFYLDLRNNLLSGDVPEEICKTSSLVLIGFDYNNLTGKIPECLGDLVHLQMFVAAGNHLTGSIPVSIGTLANLTDLDLSGNQLTGKIPRDFGNLLNLQSLVLTENLLEGDIPAEIGNCSSLVQLELYDNQLTGKIPAELGNLVQLQALRIYKNKLTSSIPSSLFRLTQLTHLGLSENHLVGPISEEIGFLESLEVLTLHSNNFTGEFPQSITNLRNLTVLTVGFNNISGELPADLGLLTNLRNLSAHDNLLTGPIPSSISNCTGLKLLDLSHNQMTGEIPRGFGRMNLTFISIGRNHFTGEIPDDIFNCSNLETLSVADNNLTGTLKPLIGKLQKLRILQVSYNSLTGPIPREIGNLKDLNILYLHSNGFTGRIPREMSNLTLLQGLRMYSNDLEGPIPEEMFDMKLLSVLDLSNNKFSGQIPALFSKLESLTYLSLQGNKFNGSIPASLKSLSLLNTFDISDNLLTGTIPGELLASLKNMQLYLNFSNNLLTGTIPKELGKLEMVQEIDLSNNLFSGSIPRSLQACKNVFTLDFSQNNLSGHIPDEVFQGMDMIISLNLSRNSFSGEIPQSFGNMTHLVSLDLSSNNLTGEIPESLANLSTLKHLKLASNNLKGHVPESGVFKNINASDLMGNTDLCGSKKPLKPCTIKQKSSHHHHHHH	QRLSTGSRINSAKDDAAGLQIA	linker	41.14	39.37	17.95	09/10/13
LNR	219.1.1.33	4piq	A	B	SGSSEQELAAIVRDLGCGPYFLGTHDKRFPGFLAGNKLACAIVNTAGRETGGVHWLAFGWNPRSRTCYMFDPFGFSDRRLKQIYSFEYEAMLRRSALALSPDRCLSLEQSTQTVQGPDSAACGLFCCMFLHAFVHWPDRPMDGNPTMNLLTGVPNGMLQSPQVLPTLRRNQEKLYRFLAHHSPYFRSHRAAIEHATAFDKMKQL	GVKSLKRRRCY	sep	0.54	1.49	0.44	05/09/14
LNR	219.1.1.33	4piq	A	B	SGSSEQELAAIVRDLGCGPYFLGTHDKRFPGFLAGNKLACAIVNTAGRETGGVHWLAFGWNPRSRTCYMFDPFGFSDRRLKQIYSFEYEAMLRRSALALSPDRCLSLEQSTQTVQGPDSAACGLFCCMFLHAFVHWPDRPMDGNPTMNLLTGVPNGMLQSPQVLPTLRRNQEKLYRFLAHHSPYFRSHRAAIEHATAFDKMKQL	GVKSLKRRRCY	linker	0.54	1.71	0.47	05/09/14
LNR	223.1.1.118	4rs9	A	B	QPQFNEDTLQQRLQALIESAGENWTYAIFWQISHDFDSSTGDNTVILGWGDGYYKGEEDKEKKKNNTNTAEQEHRKRVIRELNSLISGGIGVSDESNDEEVTDTEWFFLVSMTQSFVNGVGLPGESFLNSRVIWLSGSGALTGSGCERAGQGQIYGLKTMVCIATQNGVVELGSSEVISQSSDLMHKVNNLFNFN	SVPQARKASLARFLEKRKERLM	sep	2.35	2.43	1.32	11/07/14
LNR	223.1.1.118	4rs9	A	B	QPQFNEDTLQQRLQALIESAGENWTYAIFWQISHDFDSSTGDNTVILGWGDGYYKGEEDKEKKKNNTNTAEQEHRKRVIRELNSLISGGIGVSDESNDEEVTDTEWFFLVSMTQSFVNGVGLPGESFLNSRVIWLSGSGALTGSGCERAGQGQIYGLKTMVCIATQNGVVELGSSEVISQSSDLMHKVNNLFNFN	SVPQARKASLARFLEKRKERLM	linker	15.2	16.13	7.73	11/07/14
LNR	2487.1.1.10	4tjx	A	B	GSRFVVEKNNLKVTSPDSIKGIYECAIGNFGVPQYGGTLVGTVVYPKSNQKACKSYSDFDISFKSKPGRLPTFVLIDRGDCYFTLKAWIAQQAGAAAILVADSKAEPLITMDTPEEDKSDADYLQNITIPSALITKTLGDSIKSALSGGDMVNMKLDWTESVPHP	ADSNPIRPVT	sep	15.4	14.68	6.4	05/25/14
LNR	2487.1.1.10	4tjx	A	B	GSRFVVEKNNLKVTSPDSIKGIYECAIGNFGVPQYGGTLVGTVVYPKSNQKACKSYSDFDISFKSKPGRLPTFVLIDRGDCYFTLKAWIAQQAGAAAILVADSKAEPLITMDTPEEDKSDADYLQNITIPSALITKTLGDSIKSALSGGDMVNMKLDWTESVPHP	ADSNPIRPVT	linker	10.41	10.18	4.49	05/25/14
LNR	859.1.1.2	4tzm	A	C	MAPLENNYNESLNKSKDAIDDKTWSKLFPSIVSDPDRSSNFMIRAIYVVFSAVLRQRNILEKEYFSKNYITENLSCMTLSFKNLRAHQIAQLLRAAGDATKDGFLKEISLVVTEHDGDVEAIEVFSMKFIYFENGGVVARLSTDNNDQEDPHFAELAQLRYEGAESVRDQMVTIVRSVQFLCTKVLEPLPAEFTANFRLKYTNDAPSNFRIDGFDDSSTFYTLPDGIQSVTIGHLRPGHHAAHMQCWSKSMSD	TARYGVSNTSINRKKP	sep	16.29	16.87	8.69	07/10/14
LNR	859.1.1.2	4tzm	A	C	MAPLENNYNESLNKSKDAIDDKTWSKLFPSIVSDPDRSSNFMIRAIYVVFSAVLRQRNILEKEYFSKNYITENLSCMTLSFKNLRAHQIAQLLRAAGDATKDGFLKEISLVVTEHDGDVEAIEVFSMKFIYFENGGVVARLSTDNNDQEDPHFAELAQLRYEGAESVRDQMVTIVRSVQFLCTKVLEPLPAEFTANFRLKYTNDAPSNFRIDGFDDSSTFYTLPDGIQSVTIGHLRPGHHAAHMQCWSKSMSD	TARYGVSNTSINRKKP	linker	16.76	17.36	8.92	07/10/14
LNR	10.1.2.350	4w50	B	F	GPGNEVTLLDSRSVQGELGWIASPLEGGWEEVSIMDEKNTPIRTYQVCNVMEPSQNNWLRTDWITREGAQRVYIEIKFTLRDCNSLPGVMGTCKETFNLYYYESDNDKERFIRENQFVKIDTIAADESFTQVDIGDRIMKLNTEIRDVGPLSKKGFYLAFQDVGACIALVSVRVFYKKA	APYCVYRGSWSC	sep	10.92	11.59	7	08/16/14
LNR	10.1.2.350	4w50	B	F	GPGNEVTLLDSRSVQGELGWIASPLEGGWEEVSIMDEKNTPIRTYQVCNVMEPSQNNWLRTDWITREGAQRVYIEIKFTLRDCNSLPGVMGTCKETFNLYYYESDNDKERFIRENQFVKIDTIAADESFTQVDIGDRIMKLNTEIRDVGPLSKKGFYLAFQDVGACIALVSVRVFYKKA	APYCVYRGSWSC	linker	37.76	37.39	17.33	08/16/14
LNR	170.2.1.16	4x3h	A	B	GPLGSPEFPGLDTQIFEDPREFLSHLEEYLRQVGGSEEYWLSQIQNHMNGPAKKWWEFKQGSVKNWVEFKKEFLQYSEG	RIPSYRYRY	sep	16.24	18.59	8.68	11/30/14
LNR	170.2.1.16	4x3h	A	B	GPLGSPEFPGLDTQIFEDPREFLSHLEEYLRQVGGSEEYWLSQIQNHMNGPAKKWWEFKQGSVKNWVEFKKEFLQYSEG	RIPSYRYRY	linker	4.84	6.07	9.07	11/30/14
LNR	4302.1.1.2	4xal	A	B	MHHHHHHSSGVDLGTENLYFQSMRKLHFSTAPPNPDAPWTPRVAGFNKRVFCAAVGRLAAMHARMAAVQLWDMSRPRTDEDLNELLGITTIRVTVCEGKNLLQRANELVNPDVVQDVDAATATRGRSAASR	SSGVDL	sep	15.1	15.61	6.14	12/15/14
LNR	4302.1.1.2	4xal	A	B	MHHHHHHSSGVDLGTENLYFQSMRKLHFSTAPPNPDAPWTPRVAGFNKRVFCAAVGRLAAMHARMAAVQLWDMSRPRTDEDLNELLGITTIRVTVCEGKNLLQRANELVNPDVVQDVDAATATRGRSAASR	SSGVDL	linker	34.07	34.69	14.38	12/15/14
LNR	11.1.5.24	4xob	A	B	FACKTANGTAIPIGGGSANVYVNLAPVVNVGQNLVVDLSTQIFCHNDYPETITDYVTLQRGSAYGGVLSNFSGTVKYSGSSYPFPTTSETPRVVYNSRTDKPWPVALYLTPVSSAGGVAIKAGSLIAVLILRQTNNYNSDDFQFVWNIYANNDVVVPTGGCDVSARDVTVTLPDYPGSVPIPLTVYCAKSQNLGYYLSGTTADAGNSIFTNTASFSPAQGVGVQLTRNGTIIPANNTVSLGAVGTSAVSLGLTANYARTGGQVTAGNVQSIIGVTFVYQ	ADSTITIRGYVRDNG	sep	4.38	5.24	1.55	01/16/15
LNR	11.1.5.24	4xob	A	B	FACKTANGTAIPIGGGSANVYVNLAPVVNVGQNLVVDLSTQIFCHNDYPETITDYVTLQRGSAYGGVLSNFSGTVKYSGSSYPFPTTSETPRVVYNSRTDKPWPVALYLTPVSSAGGVAIKAGSLIAVLILRQTNNYNSDDFQFVWNIYANNDVVVPTGGCDVSARDVTVTLPDYPGSVPIPLTVYCAKSQNLGYYLSGTTADAGNSIFTNTASFSPAQGVGVQLTRNGTIIPANNTVSLGAVGTSAVSLGLTANYARTGGQVTAGNVQSIIGVTFVYQ	ADSTITIRGYVRDNG	linker	5.33	6.21	2.14	01/16/15
LNR	9.2.1.1	4z2o	A	P	FADDHAMSPDMKLLAGASNWVNQSGSVAQFVFTPSPTQPQTYEVSGNYINNAQGTGCKGTPYPLSGAYYSGNQIISFSVVWSNASANCQSATGWTGYFDFSGSQAVLKTDWNLAFYSGSTPAIQQGQDDFMQSV	SVATVSESLLTE	sep	16.58	16.11	9.14	03/30/15
LNR	9.2.1.1	4z2o	A	P	FADDHAMSPDMKLLAGASNWVNQSGSVAQFVFTPSPTQPQTYEVSGNYINNAQGTGCKGTPYPLSGAYYSGNQIISFSVVWSNASANCQSATGWTGYFDFSGSQAVLKTDWNLAFYSGSTPAIQQGQDDFMQSV	SVATVSESLLTE	linker	11.46	11.63	6.46	03/30/15
LNR	109.2.1.29	5a29	A	B	MGSSHHHHHHSSGLVPRGSHAMADYTEQDAMRVQAVKTYIDNVLQEGRSQIKTTPLLADGINTTTRKPVEWIYPDGRTATISNFANQQNFLRALTAMSVVTEDQRYQLEAVRITRYFMDNFIADNGLFYWGGHRFVNLDTLELEGPQNKNSVHELKNHYPYYPFLYHVDPHATERYIKAFWQAHVEDWQSLDMGRHGSYSKNYDDKVFHRPIPASLVDQSKLPIMPETKGLTFINAGSDLIYAAYQLDWLAPSANAQGSAAWGQYLMTQYKLAKHPKTGAPVYQFTSPKKREWPPQSDKDTNSKYGDRAARQFGPELGNIAREGNVLFKSNDKSIVFNNALIELHLAEQRNDAAIREQVVDALLNFYRLAYNPENGTIKPIFSDGTSIEGIPLARDGYYGPKGRVFNAHKPKTEEYLLPILRAYRLQADPELWQLAANMTHHYGWGSLGNDAKAKPTLNMQLSSVSPMTLFSAIELYQITQQPEYLEFARAAADKLVEKRFVRGYFLANPRYLNASIDAIEPLALLTLDATLKGKTAQVAPYLSGSGYIHGEFAGKENAYDTNEIYKQTR	HHHHHHHSSGLVPRGSHA	sep	41.53	40.59	20.85	05/15/15
LNR	109.2.1.29	5a29	A	B	MGSSHHHHHHSSGLVPRGSHAMADYTEQDAMRVQAVKTYIDNVLQEGRSQIKTTPLLADGINTTTRKPVEWIYPDGRTATISNFANQQNFLRALTAMSVVTEDQRYQLEAVRITRYFMDNFIADNGLFYWGGHRFVNLDTLELEGPQNKNSVHELKNHYPYYPFLYHVDPHATERYIKAFWQAHVEDWQSLDMGRHGSYSKNYDDKVFHRPIPASLVDQSKLPIMPETKGLTFINAGSDLIYAAYQLDWLAPSANAQGSAAWGQYLMTQYKLAKHPKTGAPVYQFTSPKKREWPPQSDKDTNSKYGDRAARQFGPELGNIAREGNVLFKSNDKSIVFNNALIELHLAEQRNDAAIREQVVDALLNFYRLAYNPENGTIKPIFSDGTSIEGIPLARDGYYGPKGRVFNAHKPKTEEYLLPILRAYRLQADPELWQLAANMTHHYGWGSLGNDAKAKPTLNMQLSSVSPMTLFSAIELYQITQQPEYLEFARAAADKLVEKRFVRGYFLANPRYLNASIDAIEPLALLTLDATLKGKTAQVAPYLSGSGYIHGEFAGKENAYDTNEIYKQTR	HHHHHHHSSGLVPRGSHA	linker	40.28	38.24	19.59	05/15/15
LNR	109.4.1.730	5frs	A	C	GAMAKGAVTKLKFNSPIISTSDQLISTNELLDRLKALHEELASLDQDNTDLTGLDKYRDALVSRKLLKHKDVGIRAFTACCLSDILRLYAPDAPYTDAQLTDIFKLVLSQFEQLGDQENGYHIQQTYLITKLLEYRSIVLLADLPSSNNLLIELFHIFYDPNKSFPARLFNVIGGILGEVISEFDSVPLEVLRLIFNKFLTYNPNEIPEGLNVTSDCGYEVSLILCDTYSNRMSRHLTKYYSEIIHEATNDDNNSRLLTVVVKLHKLVLRLWETVPELINAVIGFIYHELSSENELFRKEATKLIGQILTSYSDLNFVSTHSDTFKAWISKIADISPDVRVEWTESIPQIIATREDISKELNQALAKTFIDSDPRVRRTSVMIFNKVPVTEIWKNITNKAIYTSLLHLAREKHKEVRELCINTMAKFYSNSLNEIERTYQNKEIWEIIDTIPSTLYNLYYINDLNINEQVDSVIFEYLLPFEPDNDKRVHRLLTVLSHFDKKAFTSFFAFNARQIKISFAISKYIDFSKFLNNQESMSSSQGPIVMNKYNQTLQWLASGLSDSTKAIDALETIKQFNDERIFYLLNACVTNDIPFLTFKNCYNELVSKLQTPGLFKKYNISTGASIMPRDIAKVIQILLFRASPIIYNVSNISVLLNLSNNSDAKQLDLKRRILDDISKVNPTLFKDQIRTLKTIIKDLDDPD	LMMEDAVTEREVLVTPG	sep	24.45	25.44	13.66	12/22/15
LNR	109.4.1.730	5frs	A	C	GAMAKGAVTKLKFNSPIISTSDQLISTNELLDRLKALHEELASLDQDNTDLTGLDKYRDALVSRKLLKHKDVGIRAFTACCLSDILRLYAPDAPYTDAQLTDIFKLVLSQFEQLGDQENGYHIQQTYLITKLLEYRSIVLLADLPSSNNLLIELFHIFYDPNKSFPARLFNVIGGILGEVISEFDSVPLEVLRLIFNKFLTYNPNEIPEGLNVTSDCGYEVSLILCDTYSNRMSRHLTKYYSEIIHEATNDDNNSRLLTVVVKLHKLVLRLWETVPELINAVIGFIYHELSSENELFRKEATKLIGQILTSYSDLNFVSTHSDTFKAWISKIADISPDVRVEWTESIPQIIATREDISKELNQALAKTFIDSDPRVRRTSVMIFNKVPVTEIWKNITNKAIYTSLLHLAREKHKEVRELCINTMAKFYSNSLNEIERTYQNKEIWEIIDTIPSTLYNLYYINDLNINEQVDSVIFEYLLPFEPDNDKRVHRLLTVLSHFDKKAFTSFFAFNARQIKISFAISKYIDFSKFLNNQESMSSSQGPIVMNKYNQTLQWLASGLSDSTKAIDALETIKQFNDERIFYLLNACVTNDIPFLTFKNCYNELVSKLQTPGLFKKYNISTGASIMPRDIAKVIQILLFRASPIIYNVSNISVLLNLSNNSDAKQLDLKRRILDDISKVNPTLFKDQIRTLKTIIKDLDDPD	LMMEDAVTEREVLVTPG	linker	32.89	34.38	15.24	12/22/15
LNR	11.1.1.1522	5fxc	H	P	QVQLQESGGGLVQPGGSMKLSCVASGFTFSNYWMNWVRQSPEKGLEWVAEIRLKSNNYATHYAESVKGRFTISRDDSKSSVYLQMNNLRAEDTGIYYCTGVGQFAYWGQGTTVTVSSSSGGGGSGGGGGSSGSSDIVVTQESALTTSPGETVTLTCRSSTGAVTTSNYANWVQEKPDHLFTGLIGGTNNRAPGVPARFSGSLIGDKAALTITGAQTEDEAIYFCALWYSNHWVFGGGTKLTVLG	APDTRP	sep	7.87	9.3	4.19	02/29/16
LNR	11.1.1.1522	5fxc	H	P	QVQLQESGGGLVQPGGSMKLSCVASGFTFSNYWMNWVRQSPEKGLEWVAEIRLKSNNYATHYAESVKGRFTISRDDSKSSVYLQMNNLRAEDTGIYYCTGVGQFAYWGQGTTVTVSSSSGGGGSGGGGGSSGSSDIVVTQESALTTSPGETVTLTCRSSTGAVTTSNYANWVQEKPDHLFTGLIGGTNNRAPGVPARFSGSLIGDKAALTITGAQTEDEAIYFCALWYSNHWVFGGGTKLTVLG	APDTRP	linker	8.75	9.56	4.97	02/29/16
LNR	207.1.1.51	5gr9	B	C	KFSPQLLSLLSLKTSLSGPPSAFQDWKVPVNGQNDAVWCSWSGVVCDNVTAQVISLDLSHRNLSGRIPIQIRYLSSLLYLNLSGNSLEGSFPTSIFDLTKLTTLDISRNSFDSSFPPGISKLKFLKVFNAFSNNFEGLLPSDVSRLRFLEELNFGGSYFEGEIPAAYGGLQRLKFIHLAGNVLGGKLPPRLGLLTELQHMEIGYNHFNGNIPSEFALLSNLKYFDVSNCSLSGSLPQELGNLSNLETLFLFQNGFTGEIPESYSNLKSLKLLDFSSNQLSGSIPSGFSTLKNLTWLSLISNNLSGEVPEGIGELPELTTLFLWNNNFTGVLPHKLGSNGKLETMDVSNNSFTGTIPSSLCHGNKLYKLILFSNMFEGELPKSLTRCESLWRFRSQNNRLNGTIPIGFGSLRNLTFVDLSNNRFTDQIPADFATAPVLQYLNLSTNFFHRKLPENIWKAPNLQIFSASFSNLIGEIPNYVGCKSFYRIELQGNSLNGTIPWDIGHCEKLLCLNLSQNHLNGIIPWEISTLPSIADVDLSHNLLTGTIPSDFGSSKTITTFNVSYNQLIGPIPSGSFAHLNPSFFSSNEGLCGDLVGKPCN	HEVPSGPNPISN	sep	12.73	13.95	6.46	08/08/16
LNR	207.1.1.51	5gr9	B	C	KFSPQLLSLLSLKTSLSGPPSAFQDWKVPVNGQNDAVWCSWSGVVCDNVTAQVISLDLSHRNLSGRIPIQIRYLSSLLYLNLSGNSLEGSFPTSIFDLTKLTTLDISRNSFDSSFPPGISKLKFLKVFNAFSNNFEGLLPSDVSRLRFLEELNFGGSYFEGEIPAAYGGLQRLKFIHLAGNVLGGKLPPRLGLLTELQHMEIGYNHFNGNIPSEFALLSNLKYFDVSNCSLSGSLPQELGNLSNLETLFLFQNGFTGEIPESYSNLKSLKLLDFSSNQLSGSIPSGFSTLKNLTWLSLISNNLSGEVPEGIGELPELTTLFLWNNNFTGVLPHKLGSNGKLETMDVSNNSFTGTIPSSLCHGNKLYKLILFSNMFEGELPKSLTRCESLWRFRSQNNRLNGTIPIGFGSLRNLTFVDLSNNRFTDQIPADFATAPVLQYLNLSTNFFHRKLPENIWKAPNLQIFSASFSNLIGEIPNYVGCKSFYRIELQGNSLNGTIPWDIGHCEKLLCLNLSQNHLNGIIPWEISTLPSIADVDLSHNLLTGTIPSDFGSSKTITTFNVSYNQLIGPIPSGSFAHLNPSFFSSNEGLCGDLVGKPCN	HEVPSGPNPISN	linker	17.23	18.67	9.2	08/08/16
LNR	10.1.1.34	5jiu	B	D	LAAGPGPAGGAPTPALVAGSSAAAPFPHGDSALNEQEKELQRRLKRLYPAVDEQETPLPRSWSPKDKFSYIGLSQNNLRVHYKGHGKTPKDAASVRATHPIPAACGIYYFEVKIVSKGRDGYMGIGLSAQGVNMNRLPGWDKHSYGYHGDDGHSFCSSGTGQPYGPTFTTGDVIGCCVNLINNTCFYTKNGHSLGIAFTDLPPNLYPTVGLQTPGEVVDANFGQHPFVFDIEDYMREWRTKIQ	KSETEGGESSDSQGPKVTYI	sep	36.09	36.23	13.9	04/22/16
LNR	10.1.1.34	5jiu	B	D	LAAGPGPAGGAPTPALVAGSSAAAPFPHGDSALNEQEKELQRRLKRLYPAVDEQETPLPRSWSPKDKFSYIGLSQNNLRVHYKGHGKTPKDAASVRATHPIPAACGIYYFEVKIVSKGRDGYMGIGLSAQGVNMNRLPGWDKHSYGYHGDDGHSFCSSGTGQPYGPTFTTGDVIGCCVNLINNTCFYTKNGHSLGIAFTDLPPNLYPTVGLQTPGEVVDANFGQHPFVFDIEDYMREWRTKIQ	KSETEGGESSDSQGPKVTYI	linker	28.51	28.74	11.01	04/22/16
LNR	10.12.1.226	5l9b	A	C	GSHMASPNGQTKPLPALKLALEYIVPAMNKHGICVVDDFLGKETGQQIGDEVRALHDTGKFTDGQLVSQKSDSSKDIRGDKITWIEGKEPGCETIGLLMSSMDDLIRHCNGKLGSYKINGRTKAMVACYPGNGTGYVRHVDNPNGDGRCVTCIYYLNKDWDAKVSGGILRIFPEGKAQFADIEPKFDRLLFFWSDRRNPHEVQPAYATRYAITVWYFDADERAAAKVKYLTGEKGVRVELNKPSDSVGKDVF	DLDLEMLAPYIPMDDDFQL	sep	0.91	1.93	0.89	06/10/16
LNR	10.12.1.226	5l9b	A	C	GSHMASPNGQTKPLPALKLALEYIVPAMNKHGICVVDDFLGKETGQQIGDEVRALHDTGKFTDGQLVSQKSDSSKDIRGDKITWIEGKEPGCETIGLLMSSMDDLIRHCNGKLGSYKINGRTKAMVACYPGNGTGYVRHVDNPNGDGRCVTCIYYLNKDWDAKVSGGILRIFPEGKAQFADIEPKFDRLLFFWSDRRNPHEVQPAYATRYAITVWYFDADERAAAKVKYLTGEKGVRVELNKPSDSVGKDVF	DLDLEMLAPYIPMDDDFQL	linker	0.83	1.94	0.98	06/10/16
LNR	3285.1.1.1	5lm1	A	B	PMAAHEASSLYSEEKAKLLREMMAKIEDKNEVLDQFMDSMQLDPETVDNLDAYSHIPPQLMEKCAALSVRPDTVRNLVQSMQVLSGVFTDVEASLKDIRDLLEEDELLEQKFQEAVGQAGAISITSKAELAEVRREWAKYMEVHEKASFTNSELHRAMNLHVGNLRLLSGPLDQVRAALPTPALSPEDKAVLQNLKRILAKVQEMRDQRVSLEQQLRELIQKDDITASLVTTDHSEMKKLFEEQLKKYDQLKVYLEQNLAAQDRVLCALTEANVQYAAVRRVLSDLDQKWNSTLQTLVASYEAYEDLMKKSQEGRDFYADLESKVAALLERTQSTCQAREAARQQLLDRELK	SNIKSLSFPKLDSDDSNQKT	sep	1.28	1.97	0.52	07/28/16
LNR	3285.1.1.1	5lm1	A	B	PMAAHEASSLYSEEKAKLLREMMAKIEDKNEVLDQFMDSMQLDPETVDNLDAYSHIPPQLMEKCAALSVRPDTVRNLVQSMQVLSGVFTDVEASLKDIRDLLEEDELLEQKFQEAVGQAGAISITSKAELAEVRREWAKYMEVHEKASFTNSELHRAMNLHVGNLRLLSGPLDQVRAALPTPALSPEDKAVLQNLKRILAKVQEMRDQRVSLEQQLRELIQKDDITASLVTTDHSEMKKLFEEQLKKYDQLKVYLEQNLAAQDRVLCALTEANVQYAAVRRVLSDLDQKWNSTLQTLVASYEAYEDLMKKSQEGRDFYADLESKVAALLERTQSTCQAREAARQQLLDRELK	SNIKSLSFPKLDSDDSNQKT	linker	18.28	18.75	9.58	07/28/16
LNR	2.1.1.38	5n85	A	B	GSHMVGQLSRGAIAAIMQKGDTNIKPILQVINIRPITTGNSPPRYRLLMSDGLNTLSSFMLATQLNPLVEEEQLSSNCVCQIHRFIVNTLKDGRRVVILMELEVLKSAEAVGVKIGNPVPYNE	DNGIDDAYFLEATED	sep	12.22	12.2	7.1	02/23/17
LNR	2.1.1.38	5n85	A	B	GSHMVGQLSRGAIAAIMQKGDTNIKPILQVINIRPITTGNSPPRYRLLMSDGLNTLSSFMLATQLNPLVEEEQLSSNCVCQIHRFIVNTLKDGRRVVILMELEVLKSAEAVGVKIGNPVPYNE	DNGIDDAYFLEATED	linker	2.98	3.31	1.82	02/23/17
LNR	109.4.1.420	5njx	A	B	GPLGSMTTDEGAKNNEESPTATVAEQGEDITSKKDRGVLKIVKRVGNGEETPMIGDKVYVHYKGKLSNGKKFDSSHDRNEPFVFSLGKGQVIKAWDIGVATMKKGEICHLLCKPEYAYGSAGSLPKIPSNATLFFEIELLDFKGEDLFEDGGIIRRTKRKGEGYSNPNEGATVEIHLEGRCGGRMFDCRDVAFTVGEGEDHDIPIGIDKALEKMQREEQCILYLGPRYGFGEAGKPKFGIEPNAELIYEVTLKSFEKAKESWEMDTKEKLEQAAIVKEKGTVYFKGGKYMQAVIQYGKIVSWLEMEYGLSEKESKASESFLLAAFLNLAMCYLKLREYTKAVECCDKALGLDSANEKGLYRRGEAQLLMNEFESAKGDFEKVLEVNPQNKAARLQISMCQKKAKEHNERDRRIYANMFKKFAEQDAKEEANKAMGKKTSEGVTNEKGTDSQAMEEEKPEGHV	HHHHHHDDTSRMEEVD	sep	9.34	10.84	4.91	03/30/17
LNR	109.4.1.420	5njx	A	B	GPLGSMTTDEGAKNNEESPTATVAEQGEDITSKKDRGVLKIVKRVGNGEETPMIGDKVYVHYKGKLSNGKKFDSSHDRNEPFVFSLGKGQVIKAWDIGVATMKKGEICHLLCKPEYAYGSAGSLPKIPSNATLFFEIELLDFKGEDLFEDGGIIRRTKRKGEGYSNPNEGATVEIHLEGRCGGRMFDCRDVAFTVGEGEDHDIPIGIDKALEKMQREEQCILYLGPRYGFGEAGKPKFGIEPNAELIYEVTLKSFEKAKESWEMDTKEKLEQAAIVKEKGTVYFKGGKYMQAVIQYGKIVSWLEMEYGLSEKESKASESFLLAAFLNLAMCYLKLREYTKAVECCDKALGLDSANEKGLYRRGEAQLLMNEFESAKGDFEKVLEVNPQNKAARLQISMCQKKAKEHNERDRRIYANMFKKFAEQDAKEEANKAMGKKTSEGVTNEKGTDSQAMEEEKPEGHV	HHHHHHDDTSRMEEVD	linker	15.78	15.78	7.87	03/30/17
LNR	2498.1.1.120	5onp	A	B	ITGTSTVGVGRGVLGDQKNINTTYSTYYYLQDNTRGNGIFTYDAKYRTTLPGSLWADADNQFFASYDAPAVDAHYYAGVTYDYYKNVHNRLSYDGNNAAIRSSVHYSQGYNNAFWNGSQMVYGDGDGQTFIPLSGGIDVVAHELTHAVTDYTAGLIYQNESGAINEAISDIFGTLVEFYANKNPDWEIGEDVYTPGISGDSLRSMSDPAKYGDPDHYSKRYTGTQDNGGVHINSGIINKAAYLISQGGTHYGVSVVGIGRDKLGKIFYRALTQYLTPTSNFSQLRAAAVQSATDLYGSTSQEVASVKQAFDAVGVK	GAIIG	sep	2.5	2.36	1.13	08/04/17
LNR	2498.1.1.120	5onp	A	B	ITGTSTVGVGRGVLGDQKNINTTYSTYYYLQDNTRGNGIFTYDAKYRTTLPGSLWADADNQFFASYDAPAVDAHYYAGVTYDYYKNVHNRLSYDGNNAAIRSSVHYSQGYNNAFWNGSQMVYGDGDGQTFIPLSGGIDVVAHELTHAVTDYTAGLIYQNESGAINEAISDIFGTLVEFYANKNPDWEIGEDVYTPGISGDSLRSMSDPAKYGDPDHYSKRYTGTQDNGGVHINSGIINKAAYLISQGGTHYGVSVVGIGRDKLGKIFYRALTQYLTPTSNFSQLRAAAVQSATDLYGSTSQEVASVKQAFDAVGVK	GAIIG	linker	6.76	6.87	3.07	08/04/17
LNR	3432.1.1.1	5vao	C	H	GPKITLLTLIKTAEHWARQDIRTIEDSKLRALLTLCAVMTRKFSKSQLSLLCETHLRREGLGQDQAEPVLEVYQRLHSDKGGSFEAALWQQWDRQSLIMFITAFLNIALQLPCESSAVVVSGLRTLVPQ	PTVAPPAPVYR	sep	1.2	1.74	0.64	03/27/17
LNR	3432.1.1.1	5vao	C	H	GPKITLLTLIKTAEHWARQDIRTIEDSKLRALLTLCAVMTRKFSKSQLSLLCETHLRREGLGQDQAEPVLEVYQRLHSDKGGSFEAALWQQWDRQSLIMFITAFLNIALQLPCESSAVVVSGLRTLVPQ	PTVAPPAPVYR	linker	1.19	1.75	0.65	03/27/17
LNR	109.4.1.126	5wir	B	D	SEDAGLVAEAEAVAAGWMLDFLCLSLCRAFRDGRSEDFRRTRNSAEAIIHGLSSLTACQLRTIYICQFLTRIAAGKTLDAQFENDERITPLESALMIWGSIEKEHDKLHEEIQNLIKIQAIAVCMENGNFKEAEEVFERIFGDPNSHMPFKSKLLMIISQKDTFHSFFQHFSYNHMMEKIKSYVNYVLSEKSSTFLMKAAAKVVE	SKKILLTPRRRQRLS	sep	1.75	3.53	1.12	07/20/17
LNR	109.4.1.126	5wir	B	D	SEDAGLVAEAEAVAAGWMLDFLCLSLCRAFRDGRSEDFRRTRNSAEAIIHGLSSLTACQLRTIYICQFLTRIAAGKTLDAQFENDERITPLESALMIWGSIEKEHDKLHEEIQNLIKIQAIAVCMENGNFKEAEEVFERIFGDPNSHMPFKSKLLMIISQKDTFHSFFQHFSYNHMMEKIKSYVNYVLSEKSSTFLMKAAAKVVE	SKKILLTPRRRQRLS	linker	1.76	3.51	1.14	07/20/17
LNR	2006.1.6.3	5y59	B	C	SSESTTFIVDVSPSMMKNNNVSKSMAYLEYTLLNKSKKSRKTDWISCYLANCPVSENSQEIPNVFQIQSFLAPVTTTATIGFIKRLKQYCDQHSHDSSNEGLQSMIQCLLVVSLDIKQQFQARKILKQIVVFTDNLDDLDITDEEIDLLTEELSTRIILIDCGKDTQEERKKSNWLKLVEAIPNSRIYNMNELLVEITS	NSKLLSLLRSKT	sep	0.67	1.01	0.34	08/08/17
LNR	2006.1.6.3	5y59	B	C	SSESTTFIVDVSPSMMKNNNVSKSMAYLEYTLLNKSKKSRKTDWISCYLANCPVSENSQEIPNVFQIQSFLAPVTTTATIGFIKRLKQYCDQHSHDSSNEGLQSMIQCLLVVSLDIKQQFQARKILKQIVVFTDNLDDLDITDEEIDLLTEELSTRIILIDCGKDTQEERKKSNWLKLVEAIPNSRIYNMNELLVEITS	NSKLLSLLRSKT	linker	33.46	33.35	13.59	08/08/17
LNR	101.1.9.9	5yc2	A	B	GPETHINLKVSDGSSEIFFKIKKTTPLRRLMEAFAKRQGKEMDSLRFLYDGIRIEADQTPEDLDMEDNDIIEAHRSLPAERNPLYKDDTLDHTPLIPKCRAQVIEFPDGPATFVRLKCTNPESKVPHFLMRMAKDSSISATSMFRSAFPKATQEEEDLEMRWIRDNLNPIEDKRVAGLWVPPADALALAKDYSMTPFINALLEASST	GPLDDEEAFEKQVTSSYS	sep	2.84	3.33	1.17	09/06/17
LNR	101.1.9.9	5yc2	A	B	GPETHINLKVSDGSSEIFFKIKKTTPLRRLMEAFAKRQGKEMDSLRFLYDGIRIEADQTPEDLDMEDNDIIEAHRSLPAERNPLYKDDTLDHTPLIPKCRAQVIEFPDGPATFVRLKCTNPESKVPHFLMRMAKDSSISATSMFRSAFPKATQEEEDLEMRWIRDNLNPIEDKRVAGLWVPPADALALAKDYSMTPFINALLEASST	GPLDDEEAFEKQVTSSYS	linker	48.91	49.97	20.39	09/06/17
LNR	109.4.1.1249	6a30	A	P	ERFVKLLDQLHNSLRIDLSMYRNNFPASSPERLQDLKSTVDLLTSITFFRMKVQELQSPPRASQVVKDCVKACLNSTYEYIFNNCHELYGREYQTDPAKKGEVPPEEQGPSIKNLDFWSKLITLIVSIIEEDKNSYTPCLNQFPQELNVGKISAEVMWSLFAQDMKYAMEEHDKHRLCKSADYMNLHFKVKWLYNEYVAELPTFKDRVPEYPAWFEPFVIQWLDENEEVSRDFLHGALERDKKDGFQQTSEHALFSCSVVDVFSQLNQSFEIIKKLECPDPQIVGHYMRRFAKTISNVLLQYADIVSKDFASYCSKEKEKVPCILMNNTQQLRVQLEKMFEAMGGKELDAEASGTLKELQVKLNNVLDELSHVFATSFQPHIEECVRQMGDILSQVKGTGNVPASACSSVAQDADNVLQPIMDLLDSNLTLFAKICEKTVLKRVLKELWKLVMNTMERTIVLPPEFSKLKDHMVREEAKSLTPKQCAVVELALDTIKQYFHAGGVGLKKTFLEKSPDLQSLRYALSLYTQATDLLIK	KYWWKN	sep	29.91	29.08	10.41	06/14/18
LNR	109.4.1.1249	6a30	A	P	ERFVKLLDQLHNSLRIDLSMYRNNFPASSPERLQDLKSTVDLLTSITFFRMKVQELQSPPRASQVVKDCVKACLNSTYEYIFNNCHELYGREYQTDPAKKGEVPPEEQGPSIKNLDFWSKLITLIVSIIEEDKNSYTPCLNQFPQELNVGKISAEVMWSLFAQDMKYAMEEHDKHRLCKSADYMNLHFKVKWLYNEYVAELPTFKDRVPEYPAWFEPFVIQWLDENEEVSRDFLHGALERDKKDGFQQTSEHALFSCSVVDVFSQLNQSFEIIKKLECPDPQIVGHYMRRFAKTISNVLLQYADIVSKDFASYCSKEKEKVPCILMNNTQQLRVQLEKMFEAMGGKELDAEASGTLKELQVKLNNVLDELSHVFATSFQPHIEECVRQMGDILSQVKGTGNVPASACSSVAQDADNVLQPIMDLLDSNLTLFAKICEKTVLKRVLKELWKLVMNTMERTIVLPPEFSKLKDHMVREEAKSLTPKQCAVVELALDTIKQYFHAGGVGLKKTFLEKSPDLQSLRYALSLYTQATDLLIK	KYWWKN	linker	6.97	9.08	2.75	06/14/18
LNR	9.2.1.3	6cct	A	B	GSGSKFRGHQKSKGNSYDVEVVLQHVDTGNSYLCGYLKIKGLTEEYPTLTTFFEGEIISKKHPFLTRKWDADEDVDRKHWGKFLAFYQYAKSFNSDDFDYEELKNGDYVFMRWKEQFLVPDHTIKDISGASFAGFYYICFQKSAASIEGYYYHRSSEWYQSLNLTHV	PTLV	sep	27.41	27.86	9.77	02/07/18
LNR	9.2.1.3	6cct	A	B	GSGSKFRGHQKSKGNSYDVEVVLQHVDTGNSYLCGYLKIKGLTEEYPTLTTFFEGEIISKKHPFLTRKWDADEDVDRKHWGKFLAFYQYAKSFNSDDFDYEELKNGDYVFMRWKEQFLVPDHTIKDISGASFAGFYYICFQKSAASIEGYYYHRSSEWYQSLNLTHV	PTLV	linker	9.89	10.16	3.69	02/07/18
LNR	304.136.1.2	6e3d	A	B	PDVVLVNGGEPPNPLIPTGTNDSNGGRIIDRLFAGLMSYDAVGKPSLEVAQSIESADNVNYRITVKPGWKFTDGSPVTAHSFVDAWNYGALSTNAQLQQHFFSPIEGFDDVAGAPGAASRTTMSGLRVVNDLEFTVRLKAPTIDFTLRLGHSSFYPLPDSAFRDMAAFGRNPIGNGPYKLADGPAGPAWEHNVRIDLVPNPDYHGNRKPRNKGLRFEFYANLDTAYADLLSGNLDVLDTIPPSALTVYQRDLGDHATSGPAAINQTLDTPLRLPHFGGEEGRLRRLALSAAINRPQICQQIFAGTRSPARDFTARSLPGFDPNLPGNEVLDYDPQRARRLWAQADAISPWSGRYAIAYNADAGHRDWVDAVANSIKNVLGIDAVAAPQPTFAGFRTQITNRAIDSAFRAGWRGDYPSMIEFLAPLFTAGAGSNDVGYINPEFDAALAAAEAAPTLTESHELVNDAQRILFHDMPVVPLWDYISVVGWSSQVSNVTVTWNGLPDYENIVKA	SSVT	sep	2.02	2.73	1.12	07/13/18
LNR	304.136.1.2	6e3d	A	B	PDVVLVNGGEPPNPLIPTGTNDSNGGRIIDRLFAGLMSYDAVGKPSLEVAQSIESADNVNYRITVKPGWKFTDGSPVTAHSFVDAWNYGALSTNAQLQQHFFSPIEGFDDVAGAPGAASRTTMSGLRVVNDLEFTVRLKAPTIDFTLRLGHSSFYPLPDSAFRDMAAFGRNPIGNGPYKLADGPAGPAWEHNVRIDLVPNPDYHGNRKPRNKGLRFEFYANLDTAYADLLSGNLDVLDTIPPSALTVYQRDLGDHATSGPAAINQTLDTPLRLPHFGGEEGRLRRLALSAAINRPQICQQIFAGTRSPARDFTARSLPGFDPNLPGNEVLDYDPQRARRLWAQADAISPWSGRYAIAYNADAGHRDWVDAVANSIKNVLGIDAVAAPQPTFAGFRTQITNRAIDSAFRAGWRGDYPSMIEFLAPLFTAGAGSNDVGYINPEFDAALAAAEAAPTLTESHELVNDAQRILFHDMPVVPLWDYISVVGWSSQVSNVTVTWNGLPDYENIVKA	SSVT	linker	36.15	35.51	14.11	07/13/18
LNR	109.4.1.1259	6efk	A	D	SPSAQELKEQGNRLFVGRKYPEAAACYGRAITRNPLVAVYYTNRALCYLKMQQHEQALADCRRALELDGQSVKAHFFLGQCQLEMESYDEAIANLQRAYSLAKEQRLNFGDDIPSALRIAKKKRWNSIEERR	XIEEVD	sep	0.84	1.58	0.57	08/16/18
LNR	109.4.1.1259	6efk	A	D	SPSAQELKEQGNRLFVGRKYPEAAACYGRAITRNPLVAVYYTNRALCYLKMQQHEQALADCRRALELDGQSVKAHFFLGQCQLEMESYDEAIANLQRAYSLAKEQRLNFGDDIPSALRIAKKKRWNSIEERR	XIEEVD	linker	0.91	1.61	0.52	08/16/18
LNR	4.1.1.9	6fc6	A	B	GPMDRYQRKIGCFIQIPNLGRGQLKYVGPVDTKAGMFAGVDLLANIGKNDGSFMGKKYFQTEYPQSGLFIQLQKVASLIEKASISQTSRRTTMEPLSIPKNR	SNNLIIDEETF	sep	0.88	1.7	0.49	12/20/17
LNR	4.1.1.9	6fc6	A	B	GPMDRYQRKIGCFIQIPNLGRGQLKYVGPVDTKAGMFAGVDLLANIGKNDGSFMGKKYFQTEYPQSGLFIQLQKVASLIEKASISQTSRRTTMEPLSIPKNR	SNNLIIDEETF	linker	0.86	1.7	0.5	12/20/17
LNR	601.1.1.21	6fq4	A	B	MGSSHHHHHHSSGLVPRGSHMMPVFHTRTIESILEPVAQQISHLVIMHEEGEVDGKAIPDLTAPVSAVQAAVSNLVRVGKETVQTTEDQILKRDMPPAFIKVENACTKLVRAAQMLQADPYSVPARDYLIDGSRGILSGTSDLLLTFDEAEVRKIIRVCKGILEYLTVAEVVETMEDLVTYTKNLGPGMTKMAKMIDERQQELTHQEHRVMLVNSMNTVKELLPVLISAMKIFVTTKNTKSQGIEEALKNRNFTVEKMSAEINEIIRVLQLTSWDEDAWA	LLEAARNTTTMLSKTLSKVC	sep	0.64	1.49	0.48	02/13/18
LNR	601.1.1.21	6fq4	A	B	MGSSHHHHHHSSGLVPRGSHMMPVFHTRTIESILEPVAQQISHLVIMHEEGEVDGKAIPDLTAPVSAVQAAVSNLVRVGKETVQTTEDQILKRDMPPAFIKVENACTKLVRAAQMLQADPYSVPARDYLIDGSRGILSGTSDLLLTFDEAEVRKIIRVCKGILEYLTVAEVVETMEDLVTYTKNLGPGMTKMAKMIDERQQELTHQEHRVMLVNSMNTVKELLPVLISAMKIFVTTKNTKSQGIEEALKNRNFTVEKMSAEINEIIRVLQLTSWDEDAWA	LLEAARNTTTMLSKTLSKVC	linker	0.72	1.54	0.48	02/13/18
LNR	2007.2.3.2	6g86	B	C	MRRSVYLDNTIEFLRGRVYLGAYDYTPEDTDELVFFTVEDAIFYNSFHLDFGPMNIGHLYRFAVIFHEILNDPENANKAVVFYSSASTRQRANAACMLCCYMILVQAWTPHQVLQPLAQVDPPFMPFRDAGYSNADFEITIQDVVYGVWRAKEKGLIDLHSFNLESYEKYEHVEFGDFNVLTPDFIAFASPQEDHPKGYLATKSSHLNQPFKSVLNFFANNNVQLVVRLNSHLYNKKHFEDIGIQHLDLIFEDGTCPDLSIVKNFVGAAETIIKRGGKIAVHCKAGLGRTGCLIGAHLIYTYGFTANECIGFLRFIRPGMVVGPQQHWLYLHQNDFREWKYTTRISLKPSEAIGGLYPLISLEEYRLQKKKLKD	PSTTKSFKNAPLLAPP	sep	2.36	2.73	1.36	04/07/18
LNR	2007.2.3.2	6g86	B	C	MRRSVYLDNTIEFLRGRVYLGAYDYTPEDTDELVFFTVEDAIFYNSFHLDFGPMNIGHLYRFAVIFHEILNDPENANKAVVFYSSASTRQRANAACMLCCYMILVQAWTPHQVLQPLAQVDPPFMPFRDAGYSNADFEITIQDVVYGVWRAKEKGLIDLHSFNLESYEKYEHVEFGDFNVLTPDFIAFASPQEDHPKGYLATKSSHLNQPFKSVLNFFANNNVQLVVRLNSHLYNKKHFEDIGIQHLDLIFEDGTCPDLSIVKNFVGAAETIIKRGGKIAVHCKAGLGRTGCLIGAHLIYTYGFTANECIGFLRFIRPGMVVGPQQHWLYLHQNDFREWKYTTRISLKPSEAIGGLYPLISLEEYRLQKKKLKD	PSTTKSFKNAPLLAPP	linker	33.73	33.52	16.42	04/07/18
LNR	10.12.1.301	6hgt	D	H	SMASESETLNPSARIMTFYPTMEEFRNFSRYIAYIESQGAHRAGLAKVVPPKEWKPRASYDDIDDLVIPAPIQQLVTGQSGLFTQYNIQKKAMTVREFRKIANSDKYCTPRYSEFEELERKYWKNLTFNPPIYGADVNGTLYEKHVDEWNIGRLRTILDLVEKESGITIEGVNTPYLYFGMWKTSFAWHTEDMDLYSINYLHFGEPKSWYSVPPEHGKRLERLAKGFFPGSAQSCEAFLRHKMTLISPLMLKKYGIPFDKVTQEAGEFMITFPYGYHAGFNHGFNCAESTNFATRRWIEYGKQAVLCSCRKDMVKISMDVFVRKFQPERYKLWKAGKDNTVIDHTLPTPEAAEFLKESEL	TKQTARRSTGGKAPR	sep	15.8	15.76	6.49	08/23/18
LNR	10.12.1.301	6hgt	D	H	SMASESETLNPSARIMTFYPTMEEFRNFSRYIAYIESQGAHRAGLAKVVPPKEWKPRASYDDIDDLVIPAPIQQLVTGQSGLFTQYNIQKKAMTVREFRKIANSDKYCTPRYSEFEELERKYWKNLTFNPPIYGADVNGTLYEKHVDEWNIGRLRTILDLVEKESGITIEGVNTPYLYFGMWKTSFAWHTEDMDLYSINYLHFGEPKSWYSVPPEHGKRLERLAKGFFPGSAQSCEAFLRHKMTLISPLMLKKYGIPFDKVTQEAGEFMITFPYGYHAGFNHGFNCAESTNFATRRWIEYGKQAVLCSCRKDMVKISMDVFVRKFQPERYKLWKAGKDNTVIDHTLPTPEAAEFLKESEL	TKQTARRSTGGKAPR	linker	8.34	8.44	3.44	08/23/18
LNR	7568.1.1.1	6j0x	A	E	MSTSLLFEQLNFLILVAAEAELPIAHSTRKLLMDNSCNNCQIYELYNENLKDVKTDKDWFMNKFGPQTVHFVISNTINFPFYKIVYFDLLIPVVSHTWVQDSVKTKRHLRTNMYSPNPFHLLRDCQVYISKSSFNKCEYILYSDLLHLLGGTLVNYISNRTTHVIVQSPQDPIIATVSKLTFGSFSSSSTNKHTEKPLREWKFVYPIWILYHFKMAKPLKGELATLCELDMQDTSEEQLFAKWEEVIGDKQTSSSQLTLHPNKTLFKNHHFAISPDLNFFTPLYWFLKGFIEDLDGKVTPLSFSDDLKSVYQAFPDIDCYIGHSANSPILEKTKSIKPEIHVGNVSWLFYMFALQKFTPVSQCKLIHQPFHAKLFTSKELTVAYTNYFGSQRFYIQRLVEILGGLSTPELTRKNTHLITKSTIGKKFKVAKKWSLDPQNAIIVTNHMWLEQCYMNNSKLNPKDSRFQNFKLDDNMGWNIGQIGMDHSSLPTPKNLSMVTYDTQSISEKPPPTN	SIIYEPEFNENYLWAE	linker	4.85	6.12	2.36	12/27/18
LNR	7568.1.1.1	6j0x	A	E	MSTSLLFEQLNFLILVAAEAELPIAHSTRKLLMDNSCNNCQIYELYNENLKDVKTDKDWFMNKFGPQTVHFVISNTINFPFYKIVYFDLLIPVVSHTWVQDSVKTKRHLRTNMYSPNPFHLLRDCQVYISKSSFNKCEYILYSDLLHLLGGTLVNYISNRTTHVIVQSPQDPIIATVSKLTFGSFSSSSTNKHTEKPLREWKFVYPIWILYHFKMAKPLKGELATLCELDMQDTSEEQLFAKWEEVIGDKQTSSSQLTLHPNKTLFKNHHFAISPDLNFFTPLYWFLKGFIEDLDGKVTPLSFSDDLKSVYQAFPDIDCYIGHSANSPILEKTKSIKPEIHVGNVSWLFYMFALQKFTPVSQCKLIHQPFHAKLFTSKELTVAYTNYFGSQRFYIQRLVEILGGLSTPELTRKNTHLITKSTIGKKFKVAKKWSLDPQNAIIVTNHMWLEQCYMNNSKLNPKDSRFQNFKLDDNMGWNIGQIGMDHSSLPTPKNLSMVTYDTQSISEKPPPTN	SIIYEPEFNENYLWAE	sep	8.99	10.48	4.9	12/27/18
LNR	376.1.3.4	6mlc	A	E	GSVWCRHCGATSAGLRCEWQNNYTQCAPCASLSSCPVCYRNYREEDLILQCRQCDRWMHAVCQNLNTEEEVENVADIGFDCSMCRPYMPASN	SGRGKGGKGLGKGGAKRHRK	sep	0.85	1.48	0.51	09/27/18
LNR	376.1.3.4	6mlc	A	E	GSVWCRHCGATSAGLRCEWQNNYTQCAPCASLSSCPVCYRNYREEDLILQCRQCDRWMHAVCQNLNTEEEVENVADIGFDCSMCRPYMPASN	SGRGKGGKGLGKGGAKRHRK	linker	5.79	8.78	2.71	09/27/18
LNR	304.9.1.110	6n3e	A	B	GSMRHERVVIIKNMFHPMDFEDDPLVLNEIREDLRVECSKFGQIRKLLLFDRHPDGVASVSFRDPEEADYCIQTLDGRWFGGRQITAQAWDGTTDY	NRWDETP	sep	0.66	0.89	0.43	11/15/18
LNR	304.9.1.110	6n3e	A	B	GSMRHERVVIIKNMFHPMDFEDDPLVLNEIREDLRVECSKFGQIRKLLLFDRHPDGVASVSFRDPEEADYCIQTLDGRWFGGRQITAQAWDGTTDY	NRWDETP	linker	5.61	5.96	2.8	11/15/18
LNR	5081.1.1.1	6pj8	A	B	MGSSHHHHHHSSGLVPRGSHMAALRERAGPVTWVMMIACVVVFIAMQILGDQEVMLWLAWPFDPTLKFEFWRYFTHALMHFSLMHILFNLLWWWYLGGAVEKRLGSGKLIVITLISALLSGYVQQKFSGPWFGGLSGVVFALMGYVWLRGERDPQSGIYLQRGLIIFALIWIVAGWFDLFGMSMANGAHIAGLAVGLAMAFVDSLNARKRK	AVRMA	sep	30.84	31.24	11.62	06/28/19
LNR	5081.1.1.1	6pj8	A	B	MGSSHHHHHHSSGLVPRGSHMAALRERAGPVTWVMMIACVVVFIAMQILGDQEVMLWLAWPFDPTLKFEFWRYFTHALMHFSLMHILFNLLWWWYLGGAVEKRLGSGKLIVITLISALLSGYVQQKFSGPWFGGLSGVVFALMGYVWLRGERDPQSGIYLQRGLIIFALIWIVAGWFDLFGMSMANGAHIAGLAVGLAMAFVDSLNARKRK	AVRMA	linker	57.55	59.3	21.69	06/28/19
LNR	5000.3.1.12	6qg8	A	B	MSQDNREIVMKYISYKLSQRGYEWDAGDVEENRTEAPEGTESEVVHQTLRQAGDDFSLRYRRDFAEMSSQLHLTPGTAYASFATVVEELFRDGVNWGRIVAFFEFGGVMCVESVNREMSVLVDNIAAWMATYLNDHLHTWIQDNGGWDAFVELYGNNAAAESRKGQERFLEHHHHHH	RGEEEQWAREIGAQLRRMADDLN	sep	1.15	1.78	0.66	01/10/19
LNR	5000.3.1.12	6qg8	A	B	MSQDNREIVMKYISYKLSQRGYEWDAGDVEENRTEAPEGTESEVVHQTLRQAGDDFSLRYRRDFAEMSSQLHLTPGTAYASFATVVEELFRDGVNWGRIVAFFEFGGVMCVESVNREMSVLVDNIAAWMATYLNDHLHTWIQDNGGWDAFVELYGNNAAAESRKGQERFLEHHHHHH	RGEEEQWAREIGAQLRRMADDLN	linker	1.17	1.85	0.68	01/10/19
LNR	109.3.1.8	6sa8	A	B	GPGSGGGGSCLGKKLLEAARAGQDDEVRILLANGADVNTADETGFTPLHLAAWEGHLGIVEVLLKNGADVNANDERGHTPLHLAAYTGHLEIVEVLLKNGAGVNATDVIGTAPLHLAAMWGHLEIVEVLLKNGADPKAQDKFGKTPKDLAKDNGHEDVAKLIDKKAQEEEEEEEKKKKILKDLVKKLSSPNENELQNALWTLGNIASGGNEQIQAVIDAGALPALVQLLSSPNEQILQEALWALSNIASGGNEQIQAVIDAGALPALVQLLSSPNEQILQEALWALSNIASGGNEQIQAVIDAGALPALVQLLSSPNEQILQEALWALSNIASGGNEQIQAVIDAGALPALVQLLSSPNEQILQEALWALSNIASGGNEQIQAVIDAGALPALVQLLSSPNEQILQEALWALSNIASGGNEQIQAVIDAGALPALVQLLSSPNEQILQEALWALSNIASGGNEQIQAVIDAGALPALVQLLSSPNEQIQDEAEKTLLNIANGSEEQQKAVYDAGALKYLLIIAAKRGFADRVRLYLRLGADQNTADETGFTPLHLAAWEGHLGIVEVLLKNGADVNANDERGHTPLHLAAYTGHLEIVEVLLKNGAGVNATDVIGTAPLHLAAMCGHLEIVEVLLKNGADVNAQDKFGKTPFDLAIDNGNEDIAEVLQKAA	KRKRKRKRKR	sep	31.5	33.19	13.69	07/16/19
LNR	109.3.1.8	6sa8	A	B	GPGSGGGGSCLGKKLLEAARAGQDDEVRILLANGADVNTADETGFTPLHLAAWEGHLGIVEVLLKNGADVNANDERGHTPLHLAAYTGHLEIVEVLLKNGAGVNATDVIGTAPLHLAAMWGHLEIVEVLLKNGADPKAQDKFGKTPKDLAKDNGHEDVAKLIDKKAQEEEEEEEKKKKILKDLVKKLSSPNENELQNALWTLGNIASGGNEQIQAVIDAGALPALVQLLSSPNEQILQEALWALSNIASGGNEQIQAVIDAGALPALVQLLSSPNEQILQEALWALSNIASGGNEQIQAVIDAGALPALVQLLSSPNEQILQEALWALSNIASGGNEQIQAVIDAGALPALVQLLSSPNEQILQEALWALSNIASGGNEQIQAVIDAGALPALVQLLSSPNEQILQEALWALSNIASGGNEQIQAVIDAGALPALVQLLSSPNEQILQEALWALSNIASGGNEQIQAVIDAGALPALVQLLSSPNEQIQDEAEKTLLNIANGSEEQQKAVYDAGALKYLLIIAAKRGFADRVRLYLRLGADQNTADETGFTPLHLAAWEGHLGIVEVLLKNGADVNANDERGHTPLHLAAYTGHLEIVEVLLKNGAGVNATDVIGTAPLHLAAMCGHLEIVEVLLKNGADVNAQDKFGKTPFDLAIDNGNEDIAEVLQKAA	KRKRKRKRKR	linker	27.33	27.55	11.35	07/16/19
LNR	11.1.1.172	6seo	A	L	GPRSVASSKLWMLEFSAFLEQQQDPDTYNKHLFVHIGQSSPSYSDPYLEAVDIRQIYDKFPEKKGGLKDLFERGPSNAFFLVKFWADLNTNIEDEGSSFYGVSSQYESPENMIITCSTKVCSFGKQVVEXVETEYARYENGHYSYRIHRSPLCEYMINFIHKLKHLPEKYMMNSVLENFTILQVVTNRDTQETLLCIAYVFEVSASEHGAQHHIYRLVKE	XVPLRARNLPPSFFTEPX	sep	0.76	1.07	0.52	07/30/19
LNR	11.1.1.172	6seo	A	L	GPRSVASSKLWMLEFSAFLEQQQDPDTYNKHLFVHIGQSSPSYSDPYLEAVDIRQIYDKFPEKKGGLKDLFERGPSNAFFLVKFWADLNTNIEDEGSSFYGVSSQYESPENMIITCSTKVCSFGKQVVEXVETEYARYENGHYSYRIHRSPLCEYMINFIHKLKHLPEKYMMNSVLENFTILQVVTNRDTQETLLCIAYVFEVSASEHGAQHHIYRLVKE	XVPLRARNLPPSFFTEPX	linker	0.9	1.25	0.57	07/30/19
PTM	376.1.3.50	6fkp	D	F	HMSVNKVTCLVCRKGDNDEFLLLCDGCDRGCHIYCHRPKMEAVPEGDWFCTVCLAQQV	ARTAATARKS	linker	40.78	41.83	16.19	01/24/18
PTM	376.1.3.50	6fkp	D	F	HMSVNKVTCLVCRKGDNDEFLLLCDGCDRGCHIYCHRPKMEAVPEGDWFCTVCLAQQV	ARTAATARKS	sep	0.56	1.37	0.69	01/24/18
PTM cyclic	207.1.1.223	3p72	A	B	HPICEVSKVASHLEVNCDKRQLTALPPDLPKDTTILHLSENLLYTFSLATLMPYTRLTQLNLDRCELTKLQVDGTLPVLGTLDLSHNQLQSLPLLGQTLPALTVLDVSFNRLTSLPLGALRGLGELQELYLKGNELKTLPPGLLTPTPKLEKLSLANNQLTELPAGLLNGLENLDTLLLQENSLYTIPKGFFGSHLLPFAFLHGNPWLCNCEILYFRRWLQDNAENVYVWKQGVDVKAMTSNVASVQCDNSDKFPVYKYPGKGCPLVPR	CTERMALHNLC	linker	14.78	15.01	8	10/12/10
PTM cyclic	207.1.1.223	3p72	A	B	HPICEVSKVASHLEVNCDKRQLTALPPDLPKDTTILHLSENLLYTFSLATLMPYTRLTQLNLDRCELTKLQVDGTLPVLGTLDLSHNQLQSLPLLGQTLPALTVLDVSFNRLTSLPLGALRGLGELQELYLKGNELKTLPPGLLTPTPKLEKLSLANNQLTELPAGLLNGLENLDTLLLQENSLYTIPKGFFGSHLLPFAFLHGNPWLCNCEILYFRRWLQDNAENVYVWKQGVDVKAMTSNVASVQCDNSDKFPVYKYPGKGCPLVPR	CTERMALHNLC	sep	25.23	26.92	12.56	10/12/10
PTM covalent bound	209.1.2.1	2aij	X	P	LAHSKMVPIPAGVFTMGTDDPQIKQDGEAPARRVTIDAFYMDAYEVSNTEFEKFVNSTGYLTEAEKFGDSFVFEGMLSEQVKTNIQQAVAAAPWWLPVKGANWRHPEGPDSTILHRPDHPVLHVSWNDAVAYCTWAGKRLPTEAEWEYSCRGGLHNRLFPWGNKLQPKGQHYANIWQGEFPVTNTGEDGFQGTAPVDAFPPNGYGLYNIVGNAWEWTSDWWTVHHSVEETLNPKGPPSGKDRVKKGGSYMSHRSYCYRYRCAARSQNTPDSSASNLGFRCAADRLP	CTPSR	linker	0.8	1.18	1.2	07/29/05
PTM covalent bound	209.1.2.1	2aij	X	P	LAHSKMVPIPAGVFTMGTDDPQIKQDGEAPARRVTIDAFYMDAYEVSNTEFEKFVNSTGYLTEAEKFGDSFVFEGMLSEQVKTNIQQAVAAAPWWLPVKGANWRHPEGPDSTILHRPDHPVLHVSWNDAVAYCTWAGKRLPTEAEWEYSCRGGLHNRLFPWGNKLQPKGQHYANIWQGEFPVTNTGEDGFQGTAPVDAFPPNGYGLYNIVGNAWEWTSDWWTVHHSVEETLNPKGPPSGKDRVKKGGSYMSHRSYCYRYRCAARSQNTPDSSASNLGFRCAADRLP	CTPSR	sep	0.78	1.02	1.2	07/29/05
PTM	5084.5.3.8	1by5	A	B	AVEPKEDTITVTAAPAPQESAWGPAATIAARQSATGTKTDTPIQKVPQSISVVTAEEMALHQPKSVKEALSYTPGVSVGTRGASNTYDHLIIRGFAAEGQSQNNYLNGLKLQGNFYNDAVIDPYMLERAEIMRGPVSVLYGKSSPGGLLNMVSKRPTTEPLKEVQFKAGTDSLFQTGFDFSDSLDDDGVYSYRLTGLARSANAQQKGSEEQRYAIAPAFTWRPDDKTNFTFLSYFQNEPETGYYGWLPKEGTVEPLPNGKRLPTDFNEGAKNNTYSRNEKMVGYSFDHEFNDTFTVRQNLRFAENKTSQNSVYGYGVCSDPANAYSKQCAALAPADKGHYLARKYVVDDEKLQNFSVDTQLQSKFATGDIDHTLLTGVDFMRMRNDINAWFGYDDSVPLLNLYNPVNTDFDFNAKDPANSGPYRILNKQKQTGVYVQDQAQWDKVLVTLGGRYDWADQESLNRVAGTTDKRDDKQFTWRGGVNYLFDNGVTPYFSYSESFEPSSQVGKDGNIFAPSKGKQYEVGVKYVPEDRPIVVTGAVYNLTKTNNLMADPEGSFFSVEGGEIRARGVEIEAKRPLSASVNVVGSYTYTDAEYTTDTTYKGNTPAQVPKHMASLWADYTFFDGPLSGLTLGTGGRYTGSSYGDPANSFKVGSYTVVDALVRYDLARVGMAGSNVALHVNNLFDREYVASCFNTYGCFWGAERQVVATATFRF	AAAGGG	linker	57.38	57.18	18.99	10/23/98
PTM	5084.5.3.8	1by5	A	B	AVEPKEDTITVTAAPAPQESAWGPAATIAARQSATGTKTDTPIQKVPQSISVVTAEEMALHQPKSVKEALSYTPGVSVGTRGASNTYDHLIIRGFAAEGQSQNNYLNGLKLQGNFYNDAVIDPYMLERAEIMRGPVSVLYGKSSPGGLLNMVSKRPTTEPLKEVQFKAGTDSLFQTGFDFSDSLDDDGVYSYRLTGLARSANAQQKGSEEQRYAIAPAFTWRPDDKTNFTFLSYFQNEPETGYYGWLPKEGTVEPLPNGKRLPTDFNEGAKNNTYSRNEKMVGYSFDHEFNDTFTVRQNLRFAENKTSQNSVYGYGVCSDPANAYSKQCAALAPADKGHYLARKYVVDDEKLQNFSVDTQLQSKFATGDIDHTLLTGVDFMRMRNDINAWFGYDDSVPLLNLYNPVNTDFDFNAKDPANSGPYRILNKQKQTGVYVQDQAQWDKVLVTLGGRYDWADQESLNRVAGTTDKRDDKQFTWRGGVNYLFDNGVTPYFSYSESFEPSSQVGKDGNIFAPSKGKQYEVGVKYVPEDRPIVVTGAVYNLTKTNNLMADPEGSFFSVEGGEIRARGVEIEAKRPLSASVNVVGSYTYTDAEYTTDTTYKGNTPAQVPKHMASLWADYTFFDGPLSGLTLGTGGRYTGSSYGDPANSFKVGSYTVVDALVRYDLARVGMAGSNVALHVNNLFDREYVASCFNTYGCFWGAERQVVATATFRF	AAAGGG	sep	5	4.65	1.35	10/23/98
PTM	633.1.1.10	3jvk	A	C	GAMGSTNPPPPETSNPNKPKRQTNQLQYLLRVVLKTLWKHQFAWPFQQPVDAVKLNLPDYYKIIKTPMDMGTIKKRLENNYYWNAQECIQDFNTMFTNCYIYNKPGDDIVLMAEALEKLFLQKINELPTEE	GGKAPRKQ	linker	11.66	13.55	5.17	09/17/09
PTM	633.1.1.10	3jvk	A	C	GAMGSTNPPPPETSNPNKPKRQTNQLQYLLRVVLKTLWKHQFAWPFQQPVDAVKLNLPDYYKIIKTPMDMGTIKKRLENNYYWNAQECIQDFNTMFTNCYIYNKPGDDIVLMAEALEKLFLQKINELPTEE	GGKAPRKQ	sep	5.59	6.51	2.88	09/17/09
PTM	4.8.1.3	4quf	D	T	SDHVEEYVVEKILGKRFVNGRPQVLVKWSGFPNENNTWEPLENVGNCMKLVSDFESEVFRLHRKAAAK	ARTKQTARKSTGGKA	linker	2.27	3.33	1.32	07/10/14
PTM	4.8.1.3	4quf	D	T	SDHVEEYVVEKILGKRFVNGRPQVLVKWSGFPNENNTWEPLENVGNCMKLVSDFESEVFRLHRKAAAK	ARTKQTARKSTGGKA	sep	2.21	3.34	1.29	07/10/14
PTM	207.1.1.224	5iyv	A	B	GSSMGSLNQDATILRQAKLGLSDPAQSLSSWSDNNDVTPCKWLGVSCDATSNVVSVDLSSFMLVGPFPSILCHLPSLHSLSLYNNSINGSLSADDFDTCHNLISLDLSENLLVGSIPKSLPFNLPNLKFLEISGNNLSDTIPSSFGEFRKLESLNLAGNFLSGTIPASLGNVTTLKELKLAYNLFSPSQIPSQLGNLTELQVLWLAGCNLVGPIPPSLSRLTSLVNLDLTFNQLTGSIPSWITQLKTVEQIELFNNSFSGELPESMGNMTTLKRFDASMNKLTGKIPDNLNLLNLESLNLFENMLEGPLPESITRSKTLSELKLFNNRLTGVLPSQLGANSPLQYVDLSYNRFSGEIPANVCGEGKLEYLILIDNSFSGEISNNLGKCKSLTRVRLSNNKLSGQIPHGFWGLPRLSLLELSDNSFTGSIPKTIIGAKNLSNLRISKNRFSGSIPNEIGSLNGIIEISGAENDFSGEIPESLVKLKQLSRLDLSKNQLSGEIPRELRGWKNLNELNLANNHLSGEIPKEVGILPVLNYLDLSSNQFSGEIPLELQNLKLNVLNLSYNHLSGKIPPLYANKIYAHDFIGNPGLCVDLDGLCRKITRSKLEGSENLYFQ	LVPPSGPSMRHN	linker	16.31	18.52	7.37	03/24/16
PTM	207.1.1.224	5iyv	A	B	GSSMGSLNQDATILRQAKLGLSDPAQSLSSWSDNNDVTPCKWLGVSCDATSNVVSVDLSSFMLVGPFPSILCHLPSLHSLSLYNNSINGSLSADDFDTCHNLISLDLSENLLVGSIPKSLPFNLPNLKFLEISGNNLSDTIPSSFGEFRKLESLNLAGNFLSGTIPASLGNVTTLKELKLAYNLFSPSQIPSQLGNLTELQVLWLAGCNLVGPIPPSLSRLTSLVNLDLTFNQLTGSIPSWITQLKTVEQIELFNNSFSGELPESMGNMTTLKRFDASMNKLTGKIPDNLNLLNLESLNLFENMLEGPLPESITRSKTLSELKLFNNRLTGVLPSQLGANSPLQYVDLSYNRFSGEIPANVCGEGKLEYLILIDNSFSGEISNNLGKCKSLTRVRLSNNKLSGQIPHGFWGLPRLSLLELSDNSFTGSIPKTIIGAKNLSNLRISKNRFSGSIPNEIGSLNGIIEISGAENDFSGEIPESLVKLKQLSRLDLSKNQLSGEIPRELRGWKNLNELNLANNHLSGEIPKEVGILPVLNYLDLSSNQFSGEIPLELQNLKLNVLNLSYNHLSGKIPPLYANKIYAHDFIGNPGLCVDLDGLCRKITRSKLEGSENLYFQ	LVPPSGPSMRHN	sep	10.53	11.58	4.62	03/24/16
PTM	109.4.1.13	5k6s	A	B	GHMGSRDVPPADQEKLFIQKLRQCCVLFDFVSDPLSDLKWKEVKRAALSEMVEYITHNRNVITEPIYPEVVHMFAVNMFRTLPPSSNPTGAEFDPEEDEPTLEAAWPHLQLVYEFFLRFLESPDFQPNIAKKYIDQKFVLQLLELFDSEDPRERDFLKTTLHRIYGKFLGLRAYIRKQINNIFYRFIYETEHHNGIAELLEILGSIINGFALPLKEEHKIFLLKVLLPLHKVKSLSVYHPQLAYCVVQFLEKDSTLTEPVVMALLKYWPKTHSPKEVMFLNELEEILDVIEPSEFVKIMEPLFRQLAKCVSSPHFQVAERALYYWNNEYIMSLISDNAAKILPIMFPSLYRNSKT	TLSIKKLSPIIEDDREADH	linker	46.6	47.81	21.24	05/25/16
PTM	109.4.1.13	5k6s	A	B	GHMGSRDVPPADQEKLFIQKLRQCCVLFDFVSDPLSDLKWKEVKRAALSEMVEYITHNRNVITEPIYPEVVHMFAVNMFRTLPPSSNPTGAEFDPEEDEPTLEAAWPHLQLVYEFFLRFLESPDFQPNIAKKYIDQKFVLQLLELFDSEDPRERDFLKTTLHRIYGKFLGLRAYIRKQINNIFYRFIYETEHHNGIAELLEILGSIINGFALPLKEEHKIFLLKVLLPLHKVKSLSVYHPQLAYCVVQFLEKDSTLTEPVVMALLKYWPKTHSPKEVMFLNELEEILDVIEPSEFVKIMEPLFRQLAKCVSSPHFQVAERALYYWNNEYIMSLISDNAAKILPIMFPSLYRNSKT	TLSIKKLSPIIEDDREADH	sep	5.2	7.52	2.56	05/25/16
PTM	213.1.1.106	5nnp	B	I	MDIRLLRPSDIPLIQHANLENLPENYFLKYYLYHALSWPQLSFVAVDVSRPAKSPYDYPKIVGYVLAKMEEEPADGVPHGHITSLSVMRTHRRLGIAEKLMRQSQLAMVETYNAHYVSLHVRVSNKAAIHLYRDTLGFKTEKVEAKYYADGEDAYCMKLDLTALREQIAAQREKELEEDKAAAGSNGVNHHHHHH	SESS	linker	8.18	7.69	4.04	04/10/17
PTM	213.1.1.106	5nnp	B	I	MDIRLLRPSDIPLIQHANLENLPENYFLKYYLYHALSWPQLSFVAVDVSRPAKSPYDYPKIVGYVLAKMEEEPADGVPHGHITSLSVMRTHRRLGIAEKLMRQSQLAMVETYNAHYVSLHVRVSNKAAIHLYRDTLGFKTEKVEAKYYADGEDAYCMKLDLTALREQIAAQREKELEEDKAAAGSNGVNHHHHHH	SESS	sep	8.19	8.06	3.9	04/10/17
LIGAND	101.1.1.60	4fwf	A	E	GHMAKKKATETTDEDEDGGSEKKYRKCEKAGCTATCPVCFASASERCAKNGYTSRWYHLSCGEHFCNECFDHYYRSHKDGYDKYTTWKKIWTSNGKTEPSPKAFMADQQLPYWVQCTKPECRKWRQLTKEIQLTPQIAKTYRCGMKPNTAIKPETSDHCSLPEDLRVLEVSNHWWYSMLILPPLLKDSVAAPLLSAYYPDCVGMSPSCTSTNRAAATGNASPGKLEHSKAALSVHVPGMNRYFQPFYQPNECGKALCVRPDVMELDELYEFPEYSRDPTMYLALRNLILALWYTNCKEALTPQKCIPHIIVRGLVRIRCVQEVERILYFMTRKGLINTGVLSVGADQYLLPKDYHNKSVIIIGAGPAGLAAARQLHNFGIKVTVLEAKDRIGGRVWDDKSFKGVTVGRGAQIVNGCINNPVALMCEQLGISMHKFGERCDLIQEGGRITDPTIDKRMDFHFNALLDVVSEWRKDKTQLQDVPLGEKIEEIYKAFIKESGIQFSELEGQVLQFHLSNLEYACGSNLHQVSARSWDHNEFFAQFAGDHTLLTPGYSVIIEKLAEGLDIQLKSPVQCIDYSGDEVQVTTTDGTGYSAQKVLVTVPLALLQKGAIQFNPPLSEKKMKAINSLGAGIIEKIALQFPYRFWDSKVQGADFFGHVPPSASKRGLFAVFYDMDPQKKHSVLMSVIAGEAVASVRTLDDKQVLQQCMATLRELFKEQEVPDPTKYFVTRWSTDPWIQMAYSFVKTGGSGEAYDIIAEDIQGTVFFAGEATNRHFPQTVTGAYLSGVREASKIAAF	ARTMQTARKSTGGKAPRKQL	linker	8.73	8.22	3.87	07/01/12
LIGAND	101.1.1.60	4fwf	A	E	GHMAKKKATETTDEDEDGGSEKKYRKCEKAGCTATCPVCFASASERCAKNGYTSRWYHLSCGEHFCNECFDHYYRSHKDGYDKYTTWKKIWTSNGKTEPSPKAFMADQQLPYWVQCTKPECRKWRQLTKEIQLTPQIAKTYRCGMKPNTAIKPETSDHCSLPEDLRVLEVSNHWWYSMLILPPLLKDSVAAPLLSAYYPDCVGMSPSCTSTNRAAATGNASPGKLEHSKAALSVHVPGMNRYFQPFYQPNECGKALCVRPDVMELDELYEFPEYSRDPTMYLALRNLILALWYTNCKEALTPQKCIPHIIVRGLVRIRCVQEVERILYFMTRKGLINTGVLSVGADQYLLPKDYHNKSVIIIGAGPAGLAAARQLHNFGIKVTVLEAKDRIGGRVWDDKSFKGVTVGRGAQIVNGCINNPVALMCEQLGISMHKFGERCDLIQEGGRITDPTIDKRMDFHFNALLDVVSEWRKDKTQLQDVPLGEKIEEIYKAFIKESGIQFSELEGQVLQFHLSNLEYACGSNLHQVSARSWDHNEFFAQFAGDHTLLTPGYSVIIEKLAEGLDIQLKSPVQCIDYSGDEVQVTTTDGTGYSAQKVLVTVPLALLQKGAIQFNPPLSEKKMKAINSLGAGIIEKIALQFPYRFWDSKVQGADFFGHVPPSASKRGLFAVFYDMDPQKKHSVLMSVIAGEAVASVRTLDDKQVLQQCMATLRELFKEQEVPDPTKYFVTRWSTDPWIQMAYSFVKTGGSGEAYDIIAEDIQGTVFFAGEATNRHFPQTVTGAYLSGVREASKIAAF	ARTMQTARKSTGGKAPRKQL	sep	5.79	6	2.67	07/01/12
LIGAND	2002.1.1.1058	4k39	B	D	MPPLSLLIKPASSGCNLKCTYCFYHSLSDNRNVKSYGIMRDEVLESMVKRVLNEANGHCSFAFQGGEPTLAGLEFFEKLMELQRKHNYKNLKIYNSLQTNGTLIDESWAKFLSENKFLVGLSMDGPKEIHNLNRKDCCGLDTFSKVERAAELFKKYKVEFNILCVVTSNTARHVNKVYKYFKEKDFKFLQFINCLDPLYEEKGKYNYSLKPKDYTKFLKNLFDFWYEDFLNGNRVSIRYFDGLLETILLGKSSSCGMNGTCTCQFVVESDGSVYPCDFYVLDKWRLGNIQDMTMKELFETNKNHEFIKLSFKVHEECKKCKWFRLCKGGCRRCRDSKEDSALELNYYCQSYKEFFEYAFPRLINVANNIK	YTAVPSCIPSRASILTGM	linker	0.92	1.41	0.55	04/10/13
LIGAND	2002.1.1.1058	4k39	B	D	MPPLSLLIKPASSGCNLKCTYCFYHSLSDNRNVKSYGIMRDEVLESMVKRVLNEANGHCSFAFQGGEPTLAGLEFFEKLMELQRKHNYKNLKIYNSLQTNGTLIDESWAKFLSENKFLVGLSMDGPKEIHNLNRKDCCGLDTFSKVERAAELFKKYKVEFNILCVVTSNTARHVNKVYKYFKEKDFKFLQFINCLDPLYEEKGKYNYSLKPKDYTKFLKNLFDFWYEDFLNGNRVSIRYFDGLLETILLGKSSSCGMNGTCTCQFVVESDGSVYPCDFYVLDKWRLGNIQDMTMKELFETNKNHEFIKLSFKVHEECKKCKWFRLCKGGCRRCRDSKEDSALELNYYCQSYKEFFEYAFPRLINVANNIK	YTAVPSCIPSRASILTGM	sep	4.73	5.01	2.08	04/10/13
LIGAND	206.1.1.134	4ouc	A	B	MHHHHHHSSGVDLGTENLYFQSMGECSQKGPVPFSHCLPTEKLQRCEKIGEGVFGEVFQTIADHTPVAIKIIAIEGPDLVNGSHQKTFEEILPEIIISKELSLLSGEVCNRTEGFIGLNSVHCVQGSYPPLLLKAWDHYNSTKGSANDRPDFFKDDQLFIVLEFEFGGIDLEQMRTKLSSLATAKSILHQLTASLAVAEASLRFEHRDLHWGNVLLKKTSLKKLHYTLNGKSSTIPSCGLQVSIIDYTLSRLERDGIVVFCDVSMDEDLFTGDGDYQFDIYRLMKKENNNRWGEYHPYSNVLWLHYLTDKMLKQMTFKTKCNTPAMKQIKRKIQEFHRTMLNFSSATDLLCQHSLFK	ARTKQTARKSTY	linker	13.71	14.14	6.46	02/15/14
LIGAND	206.1.1.134	4ouc	A	B	MHHHHHHSSGVDLGTENLYFQSMGECSQKGPVPFSHCLPTEKLQRCEKIGEGVFGEVFQTIADHTPVAIKIIAIEGPDLVNGSHQKTFEEILPEIIISKELSLLSGEVCNRTEGFIGLNSVHCVQGSYPPLLLKAWDHYNSTKGSANDRPDFFKDDQLFIVLEFEFGGIDLEQMRTKLSSLATAKSILHQLTASLAVAEASLRFEHRDLHWGNVLLKKTSLKKLHYTLNGKSSTIPSCGLQVSIIDYTLSRLERDGIVVFCDVSMDEDLFTGDGDYQFDIYRLMKKENNNRWGEYHPYSNVLWLHYLTDKMLKQMTFKTKCNTPAMKQIKRKIQEFHRTMLNFSSATDLLCQHSLFK	ARTKQTARKSTY	sep	16.61	17.17	7.58	02/15/14
LIGAND	2004.1.1.1404	5yv5	A	B	MGSSHHHHHHSSGLVPRGSHLEEDCVHRYGVNAFVLYRLPVVKEGMVVGIVGPNGTGKSTAVKILAGQLIPNLCGDNDSWDGVIRAFRGNELQNYFEKLKNGEIRPVVKPQYVDLIPKAVKGKVIELLKKADETGKLEEVVKALELENVLDREIQHLSGGELQRVAIAAALLRNATFYFFDEPSSYLDIRQRLNAARAIRRLSEEGKSVLVVEHDLAVLDYLSDIIHVVYGEPGVYGIFSQPKGTRNGINEFLRGYLKDENVRFRPYEIKFTKTGERVEIERETLVTYPRLVKDYGSFRLEVEPGEIKKGEVIGIVGPNGIGKTTFVKMLAGVEEPTEGKIEWDLTVAYKPQYIKADYEGTVYELLSKIDASKLNSNFYKTELLKPLGIIDLYDREVNELSGGELQRVAIAATLLRDADIYLLDEPSAYLDVEQRLAVSRAIRHLMEKNEKTALVVEHDVLMIDYVSDRLMVFEGEPGKYGRALPPMGMREGMNRFLASIGITFRRDPDTGRPRANKEGSVKDREQKEKGEYYYIA	EEEVSEEEALAGLSALFG	linker	1.83	2.11	1.25	11/24/17
LIGAND	2004.1.1.1404	5yv5	A	B	MGSSHHHHHHSSGLVPRGSHLEEDCVHRYGVNAFVLYRLPVVKEGMVVGIVGPNGTGKSTAVKILAGQLIPNLCGDNDSWDGVIRAFRGNELQNYFEKLKNGEIRPVVKPQYVDLIPKAVKGKVIELLKKADETGKLEEVVKALELENVLDREIQHLSGGELQRVAIAAALLRNATFYFFDEPSSYLDIRQRLNAARAIRRLSEEGKSVLVVEHDLAVLDYLSDIIHVVYGEPGVYGIFSQPKGTRNGINEFLRGYLKDENVRFRPYEIKFTKTGERVEIERETLVTYPRLVKDYGSFRLEVEPGEIKKGEVIGIVGPNGIGKTTFVKMLAGVEEPTEGKIEWDLTVAYKPQYIKADYEGTVYELLSKIDASKLNSNFYKTELLKPLGIIDLYDREVNELSGGELQRVAIAATLLRDADIYLLDEPSAYLDVEQRLAVSRAIRHLMEKNEKTALVVEHDVLMIDYVSDRLMVFEGEPGKYGRALPPMGMREGMNRFLASIGITFRRDPDTGRPRANKEGSVKDREQKEKGEYYYIA	EEEVSEEEALAGLSALFG	sep	1.92	2.17	1.35	11/24/17
LIGAND	188.1.1.1	5yp5	A	B	ASLTEIEHLVQSVCKSYRETCQLRLEDLLRQRSNIFSREEVTGYQRKSMWEMWERCAHHLTEAIQYVVEFAKRLSGFMELCQNDQIVLLKAGAMEVVLVRMCRAYNADNRTVFFEGKYGGMELFRALGCSELISSIFDFSHSLSALHFSEDEIALYTALVLINAHRPGLQEKRKVEQLQYNLELAFHHHLCKTHRQSILAKLPPKGKLRSLCSQHVERLQIFQHLHPIVVQAAFPPLYKELFS	KILHRLLQ	linker	0.73	2.24	0.41	11/01/17
LIGAND	188.1.1.1	5yp5	A	B	ASLTEIEHLVQSVCKSYRETCQLRLEDLLRQRSNIFSREEVTGYQRKSMWEMWERCAHHLTEAIQYVVEFAKRLSGFMELCQNDQIVLLKAGAMEVVLVRMCRAYNADNRTVFFEGKYGGMELFRALGCSELISSIFDFSHSLSALHFSEDEIALYTALVLINAHRPGLQEKRKVEQLQYNLELAFHHHLCKTHRQSILAKLPPKGKLRSLCSQHVERLQIFQHLHPIVVQAAFPPLYKELFS	KILHRLLQ	sep	0.58	2.05	0.33	11/01/17