"","pdb_id","dataset","model","rank","seed","recycle","training","rms_before_ref_super_rec_bb","rms_before_ref_super_rec","rms_before_ref_super_pep_bb","rms_before_ref_super_pep","rmsBB_if","rmsBB_allIF","rmsALL_if","rmsALL_allIF"
"1","1awr_CI","Non-motif","model_4","rank_2","seed_0","recycle_3",FALSE,0.54,1.05,1.22,1.46,7.205,3.328,7.653,3.409
"2","1awr_CI","Non-motif","model_4","rank_2","seed_0","recycle_3",TRUE,0.54,1.07,0.32,1.19,7.525,3.54,7.731,3.492
"3","1awr_CI","Non-motif","model_4","rank_2","seed_0","recycle_9",FALSE,0.55,1.07,1.27,1.56,6.766,3.127,7.104,3.251
"4","1awr_CI","Non-motif","model_4","rank_2","seed_0","recycle_9",TRUE,0.55,1.07,1.21,1.38,6.885,3.176,7.398,3.333
"5","1awr_CI","Non-motif","model_4","rank_1","seed_1","recycle_3",FALSE,0.54,1.08,0.46,0.46,7.072,3.289,7.379,3.308
"6","1awr_CI","Non-motif","model_4","rank_2","seed_1","recycle_3",TRUE,0.52,1.06,1.19,1.3,7.895,3.663,8.223,3.652
"7","1awr_CI","Non-motif","model_4","rank_2","seed_1","recycle_9",FALSE,0.55,1.06,0.62,0.84,7.139,3.316,7.346,3.331
"8","1awr_CI","Non-motif","model_4","rank_2","seed_1","recycle_9",TRUE,0.54,1.05,0.37,0.36,7.672,3.627,8.02,3.627
"9","1awr_CI","Non-motif","model_4","rank_2","seed_2","recycle_3",FALSE,0.54,1.08,0.43,0.44,7.054,3.291,7.254,3.29
"10","1awr_CI","Non-motif","model_4","rank_9","seed_2","recycle_3",TRUE,0.56,1.07,1.14,1.14,7.006,3.225,7.59,3.394
"11","1awr_CI","Non-motif","model_4","rank_2","seed_2","recycle_9",FALSE,0.55,1.08,0.37,0.38,6.903,3.214,7.177,3.258
"12","1awr_CI","Non-motif","model_4","rank_2","seed_2","recycle_9",TRUE,0.55,1.07,0.43,0.41,7.216,3.411,7.53,3.403
"13","1awr_CI","Non-motif","model_4","rank_2","seed_3","recycle_3",FALSE,0.53,1.07,0.43,0.43,7.329,3.429,7.575,3.401
"14","1awr_CI","Non-motif","model_4","rank_2","seed_3","recycle_3",TRUE,0.55,1.07,0.46,0.69,7.42,3.546,7.914,3.591
"15","1awr_CI","Non-motif","model_4","rank_2","seed_3","recycle_9",FALSE,0.55,1.06,0.43,0.43,7.304,3.389,7.857,3.497
"16","1awr_CI","Non-motif","model_4","rank_2","seed_3","recycle_9",TRUE,0.55,1.06,0.31,1.18,7.286,3.437,7.754,3.499
"17","1awr_CI","Non-motif","model_4","rank_2","seed_4","recycle_3",FALSE,0.53,1.04,0.47,0.72,7.154,3.331,7.474,3.348
"18","1awr_CI","Non-motif","model_4","rank_1","seed_4","recycle_3",TRUE,0.64,1.23,1.14,1.46,11.18,5.594,12.246,5.643
"19","1awr_CI","Non-motif","model_4","rank_2","seed_4","recycle_9",FALSE,0.54,1.06,1.25,1.58,6.817,3.155,7.156,3.274
"20","1awr_CI","Non-motif","model_4","rank_1","seed_4","recycle_9",TRUE,0.55,1.06,1.03,1.42,11.167,5.607,12.324,5.684
"21","1er8_EI","Non-motif","model_4","rank_7","seed_0","recycle_3",FALSE,0.6,0.93,0.89,1.21,3.724,1.851,6.34,3.514
"22","1er8_EI","Non-motif","model_4","rank_1","seed_0","recycle_3",TRUE,0.62,0.94,0.7,0.85,3.582,1.776,6.286,3.496
"23","1er8_EI","Non-motif","model_4","rank_5","seed_0","recycle_9",FALSE,0.59,0.92,0.7,0.99,3.623,1.808,6.646,3.672
"24","1er8_EI","Non-motif","model_4","rank_4","seed_0","recycle_9",TRUE,0.57,0.91,0.79,1.08,3.717,1.854,6.791,3.731
"25","1er8_EI","Non-motif","model_4","rank_2","seed_1","recycle_3",FALSE,0.62,0.94,0.96,1.22,4.129,2.027,6.444,3.57
"26","1er8_EI","Non-motif","model_4","rank_4","seed_1","recycle_3",TRUE,0.61,0.93,0.8,1.06,3.637,1.805,6.637,3.646
"27","1er8_EI","Non-motif","model_4","rank_4","seed_1","recycle_9",FALSE,0.59,0.92,0.73,1.04,3.631,1.816,6.696,3.698
"28","1er8_EI","Non-motif","model_4","rank_2","seed_1","recycle_9",TRUE,0.58,0.92,0.71,1,3.558,1.742,6.242,3.47
"29","1er8_EI","Non-motif","model_4","rank_1","seed_2","recycle_3",FALSE,0.6,0.94,1.12,1.42,4.143,2.053,6.933,3.81
"30","1er8_EI","Non-motif","model_4","rank_3","seed_2","recycle_3",TRUE,0.58,0.91,0.96,1.16,3.845,1.902,6.409,3.552
"31","1er8_EI","Non-motif","model_4","rank_1","seed_2","recycle_9",FALSE,0.6,0.93,0.77,1.08,3.682,1.838,6.731,3.721
"32","1er8_EI","Non-motif","model_4","rank_1","seed_2","recycle_9",TRUE,0.59,0.92,0.72,1.03,3.629,1.794,6.624,3.663
"33","1er8_EI","Non-motif","model_4","rank_1","seed_3","recycle_3",FALSE,0.6,0.93,0.81,1.14,3.797,1.887,6.842,3.77
"34","1er8_EI","Non-motif","model_4","rank_6","seed_3","recycle_3",TRUE,0.57,0.92,0.81,1.1,3.644,1.792,6.344,3.501
"35","1er8_EI","Non-motif","model_4","rank_6","seed_3","recycle_9",FALSE,0.57,0.91,0.78,1.06,3.702,1.843,6.739,3.722
"36","1er8_EI","Non-motif","model_4","rank_3","seed_3","recycle_9",TRUE,0.58,0.92,0.77,1.06,3.63,1.793,6.34,3.519
"37","1er8_EI","Non-motif","model_4","rank_2","seed_4","recycle_3",FALSE,0.61,0.94,0.86,1.09,3.758,1.872,6.49,3.584
"38","1er8_EI","Non-motif","model_4","rank_2","seed_4","recycle_3",TRUE,0.61,0.94,0.77,1.06,3.625,1.792,6.308,3.489
"39","1er8_EI","Non-motif","model_4","rank_3","seed_4","recycle_9",FALSE,0.56,0.91,0.74,1.01,3.677,1.835,6.729,3.714
"40","1er8_EI","Non-motif","model_4","rank_5","seed_4","recycle_9",TRUE,0.56,0.91,0.73,1.03,3.657,1.814,6.674,3.692
"41","1lvm_AE","Non-motif","model_4","rank_1","seed_0","recycle_3",FALSE,2.02,2.05,1.15,1.48,33.121,14.264,33.836,14.939
"42","1lvm_AE","Non-motif","model_4","rank_1","seed_0","recycle_3",TRUE,1.77,2.14,1.29,1.78,33.633,12.747,33.895,13.103
"43","1lvm_AE","Non-motif","model_4","rank_6","seed_0","recycle_9",FALSE,1.77,2.11,1.13,1.47,33.049,14.242,33.758,14.909
"44","1lvm_AE","Non-motif","model_4","rank_8","seed_0","recycle_9",TRUE,1.75,2.06,1.05,1.39,33.256,14.329,34.058,15.043
"45","1lvm_AE","Non-motif","model_4","rank_1","seed_1","recycle_3",FALSE,1.59,1.74,1.27,1.29,28.918,12.25,29.827,12.571
"46","1lvm_AE","Non-motif","model_4","rank_1","seed_1","recycle_3",TRUE,1.01,1.44,0.78,0.9,24.543,10.507,25.587,10.939
"47","1lvm_AE","Non-motif","model_4","rank_5","seed_1","recycle_9",FALSE,1.49,1.91,1.04,1.47,33.648,14.471,34.491,15.189
"48","1lvm_AE","Non-motif","model_4","rank_4","seed_1","recycle_9",TRUE,1.6,2,1.08,1.53,33.338,14.345,34.083,15.018
"49","1lvm_AE","Non-motif","model_4","rank_1","seed_2","recycle_3",FALSE,1.77,2.05,1.18,1.54,33.323,14.359,34.048,15.051
"50","1lvm_AE","Non-motif","model_4","rank_9","seed_2","recycle_3",TRUE,1.82,1.96,1.14,1.48,33.1,14.251,33.883,14.945
"51","1lvm_AE","Non-motif","model_4","rank_1","seed_2","recycle_9",FALSE,1.69,2.04,1.11,1.49,33.158,14.301,33.891,14.984
"52","1lvm_AE","Non-motif","model_4","rank_1","seed_2","recycle_9",TRUE,2.18,2.24,1.16,1.54,32.973,14.2,33.709,14.877
"53","1lvm_AE","Non-motif","model_4","rank_7","seed_3","recycle_3",FALSE,1.52,1.8,1.14,1.46,33.14,14.248,33.848,14.907
"54","1lvm_AE","Non-motif","model_4","rank_3","seed_3","recycle_3",TRUE,2.34,2.37,1.16,1.48,33.094,14.216,33.791,14.879
"55","1lvm_AE","Non-motif","model_4","rank_4","seed_3","recycle_9",FALSE,1.8,2.12,1.13,1.47,32.998,14.213,33.715,14.88
"56","1lvm_AE","Non-motif","model_4","rank_7","seed_3","recycle_9",TRUE,1.83,1.94,1.1,1.48,33.195,14.282,33.935,14.965
"57","1lvm_AE","Non-motif","model_4","rank_1","seed_4","recycle_3",FALSE,1.7,1.94,1.16,1.58,35.499,15.231,36.309,15.922
"58","1lvm_AE","Non-motif","model_4","rank_1","seed_4","recycle_3",TRUE,1.58,1.83,1.14,1.49,33.751,14.485,34.611,15.175
"59","1lvm_AE","Non-motif","model_4","rank_1","seed_4","recycle_9",FALSE,1.67,2.04,1.09,1.46,33.211,14.316,33.948,14.998
"60","1lvm_AE","Non-motif","model_4","rank_6","seed_4","recycle_9",TRUE,1.49,1.87,1.09,1.46,33.286,14.325,34.035,15.023
"61","1nvr_AB","Non-motif","model_4","rank_1","seed_0","recycle_3",FALSE,0.6,1.26,0.74,0.77,46.921,21.853,46.749,20.448
"62","1nvr_AB","Non-motif","model_4","rank_1","seed_0","recycle_3",TRUE,0.58,1.26,1.02,1.06,50.393,23.46,50.202,21.94
"63","1nvr_AB","Non-motif","model_4","rank_1","seed_0","recycle_9",FALSE,0.58,1.24,0.35,0.38,60.872,28.328,60.795,26.445
"64","1nvr_AB","Non-motif","model_4","rank_1","seed_0","recycle_9",TRUE,0.61,1.26,0.58,0.56,57.25,26.624,57.317,24.93
"65","1nvr_AB","Non-motif","model_4","rank_1","seed_1","recycle_3",FALSE,0.64,1.27,0.72,0.76,65.073,30.264,64.966,28.216
"66","1nvr_AB","Non-motif","model_4","rank_8","seed_1","recycle_3",TRUE,0.62,1.26,0.77,0.91,55.816,26.07,55.959,24.406
"67","1nvr_AB","Non-motif","model_4","rank_1","seed_1","recycle_9",FALSE,0.58,1.24,0.83,0.88,63.114,29.508,63.116,27.439
"68","1nvr_AB","Non-motif","model_4","rank_2","seed_1","recycle_9",TRUE,0.57,1.23,0.83,0.92,57.856,26.982,57.999,25.27
"69","1nvr_AB","Non-motif","model_4","rank_1","seed_2","recycle_3",FALSE,0.57,1.24,0.71,0.77,55.031,25.56,54.864,23.856
"70","1nvr_AB","Non-motif","model_4","rank_1","seed_2","recycle_3",TRUE,0.55,1.2,0.87,0.94,50.762,23.502,50.73,22.023
"71","1nvr_AB","Non-motif","model_4","rank_1","seed_2","recycle_9",FALSE,0.56,1.23,0.93,1.05,60.534,28.213,60.424,26.318
"72","1nvr_AB","Non-motif","model_4","rank_2","seed_2","recycle_9",TRUE,0.58,1.27,0.93,0.99,51.923,24.191,51.81,22.609
"73","1nvr_AB","Non-motif","model_4","rank_1","seed_3","recycle_3",FALSE,0.62,1.26,0.93,1.02,51.793,24.033,51.568,22.44
"74","1nvr_AB","Non-motif","model_4","rank_1","seed_3","recycle_3",TRUE,0.62,1.28,0.7,0.81,54.174,24.975,54.069,23.387
"75","1nvr_AB","Non-motif","model_4","rank_2","seed_3","recycle_9",FALSE,0.57,1.23,0.88,0.99,58.852,27.444,58.757,25.599
"76","1nvr_AB","Non-motif","model_4","rank_1","seed_3","recycle_9",TRUE,0.6,1.24,0.87,0.97,55.584,25.693,55.524,24.04
"77","1nvr_AB","Non-motif","model_4","rank_1","seed_4","recycle_3",FALSE,0.57,1.23,0.91,1.02,55.476,25.752,55.361,24.046
"78","1nvr_AB","Non-motif","model_4","rank_2","seed_4","recycle_3",TRUE,0.6,1.25,0.57,0.54,48.739,22.46,48.741,21.079
"79","1nvr_AB","Non-motif","model_4","rank_1","seed_4","recycle_9",FALSE,0.57,1.23,0.92,1.02,61.652,28.73,61.594,26.808
"80","1nvr_AB","Non-motif","model_4","rank_2","seed_4","recycle_9",TRUE,0.57,1.23,0.81,1.06,56.455,26.275,56.553,24.598
"81","1nx1_AC","Non-motif","model_4","rank_4","seed_0","recycle_3",FALSE,0.75,1.25,0.68,0.73,1.178,0.685,1.992,1.382
"82","1nx1_AC","Non-motif","model_4","rank_2","seed_0","recycle_3",TRUE,0.8,1.28,0.57,0.64,1.428,0.787,2.289,1.503
"83","1nx1_AC","Non-motif","model_4","rank_6","seed_0","recycle_9",FALSE,0.84,1.32,0.67,0.72,1.208,0.698,2.008,1.382
"84","1nx1_AC","Non-motif","model_4","rank_1","seed_0","recycle_9",TRUE,0.91,1.42,0.64,0.7,2.621,1.284,3.274,1.991
"85","1nx1_AC","Non-motif","model_4","rank_1","seed_1","recycle_3",FALSE,0.85,1.33,0.55,0.63,2.098,1.072,2.841,1.843
"86","1nx1_AC","Non-motif","model_4","rank_1","seed_1","recycle_3",TRUE,0.91,1.41,0.44,0.9,2.382,1.21,3.025,1.905
"87","1nx1_AC","Non-motif","model_4","rank_1","seed_1","recycle_9",FALSE,0.89,1.4,0.63,0.7,2.483,1.236,3.154,1.953
"88","1nx1_AC","Non-motif","model_4","rank_2","seed_1","recycle_9",TRUE,1.02,1.52,0.43,0.55,2.299,1.325,3.134,2.127
"89","1nx1_AC","Non-motif","model_4","rank_2","seed_2","recycle_3",FALSE,0.89,1.42,0.58,0.69,2.288,1.342,3.124,2.11
"90","1nx1_AC","Non-motif","model_4","rank_1","seed_2","recycle_3",TRUE,0.82,1.32,0.63,0.69,1.317,0.746,2.169,1.46
"91","1nx1_AC","Non-motif","model_4","rank_2","seed_2","recycle_9",FALSE,0.94,1.46,0.71,0.83,2.263,1.326,3.131,2.119
"92","1nx1_AC","Non-motif","model_4","rank_9","seed_2","recycle_9",TRUE,0.87,1.42,0.66,0.73,2.623,1.296,3.287,2.001
"93","1nx1_AC","Non-motif","model_4","rank_2","seed_3","recycle_3",FALSE,0.89,1.41,0.65,0.77,2.172,1.249,2.906,1.968
"94","1nx1_AC","Non-motif","model_4","rank_2","seed_3","recycle_3",TRUE,0.95,1.41,0.54,0.62,2.253,1.168,2.943,1.89
"95","1nx1_AC","Non-motif","model_4","rank_2","seed_3","recycle_9",FALSE,0.89,1.4,0.66,0.73,2.662,1.306,3.32,2.009
"96","1nx1_AC","Non-motif","model_4","rank_1","seed_3","recycle_9",TRUE,0.94,1.41,0.63,0.71,1.86,0.981,2.659,1.784
"97","1nx1_AC","Non-motif","model_4","rank_2","seed_4","recycle_3",FALSE,0.88,1.41,0.71,0.84,2.26,1.294,2.982,2.005
"98","1nx1_AC","Non-motif","model_4","rank_1","seed_4","recycle_3",TRUE,0.84,1.32,0.58,0.67,2.165,1.11,2.883,1.851
"99","1nx1_AC","Non-motif","model_4","rank_2","seed_4","recycle_9",FALSE,0.94,1.45,0.67,0.79,2.308,1.344,3.167,2.128
"100","1nx1_AC","Non-motif","model_4","rank_1","seed_4","recycle_9",TRUE,0.89,1.38,0.65,0.72,1.803,0.949,2.576,1.742
"101","1ou8_BD","Non-motif","model_4","rank_1","seed_0","recycle_3",FALSE,0.35,0.97,0.7,0.73,23.044,10.843,21.769,10.364
"102","1ou8_BD","Non-motif","model_4","rank_2","seed_0","recycle_3",TRUE,0.34,0.96,0.1,0.1,21.969,10.521,21.076,10.403
"103","1ou8_BD","Non-motif","model_4","rank_1","seed_0","recycle_9",FALSE,0.36,0.96,0.61,0.59,15.262,7.432,14.995,7.433
"104","1ou8_BD","Non-motif","model_4","rank_2","seed_0","recycle_9",TRUE,0.33,0.95,1.16,1.35,16.417,7.99,15.661,7.904
"105","1ou8_BD","Non-motif","model_4","rank_1","seed_1","recycle_3",FALSE,0.32,0.96,0.11,0.11,18.773,9.108,17.89,8.996
"106","1ou8_BD","Non-motif","model_4","rank_1","seed_1","recycle_3",TRUE,0.32,0.96,0.09,0.09,18.564,9.052,17.643,8.942
"107","1ou8_BD","Non-motif","model_4","rank_2","seed_1","recycle_9",FALSE,0.33,0.96,0.11,0.11,21.925,10.399,20.915,10.235
"108","1ou8_BD","Non-motif","model_4","rank_1","seed_1","recycle_9",TRUE,0.34,1,0.07,0.07,23.061,10.746,21.414,10.414
"109","1ou8_BD","Non-motif","model_4","rank_2","seed_2","recycle_3",FALSE,0.35,0.96,0.11,0.11,16.225,7.831,15.453,7.704
"110","1ou8_BD","Non-motif","model_4","rank_1","seed_2","recycle_3",TRUE,0.34,0.95,0.11,0.11,22.684,10.795,21.951,10.702
"111","1ou8_BD","Non-motif","model_4","rank_1","seed_2","recycle_9",FALSE,0.36,0.96,0.61,0.59,14.768,7.198,14.526,7.213
"112","1ou8_BD","Non-motif","model_4","rank_2","seed_2","recycle_9",TRUE,0.33,0.96,0.11,0.62,15.868,7.83,15.129,7.773
"113","1ou8_BD","Non-motif","model_4","rank_1","seed_3","recycle_3",FALSE,0.32,0.95,0.11,0.11,19.795,9.479,18.845,9.342
"114","1ou8_BD","Non-motif","model_4","rank_7","seed_3","recycle_3",TRUE,0.31,0.95,0.14,0.14,18.193,8.827,17.282,8.722
"115","1ou8_BD","Non-motif","model_4","rank_2","seed_3","recycle_9",FALSE,0.33,0.96,0.11,0.11,18.885,9.037,17.847,8.866
"116","1ou8_BD","Non-motif","model_4","rank_1","seed_3","recycle_9",TRUE,0.33,0.98,0.1,0.1,18.453,8.901,17.014,8.575
"117","1ou8_BD","Non-motif","model_4","rank_1","seed_4","recycle_3",FALSE,0.32,0.96,0.06,0.06,15.926,7.859,15.238,7.83
"118","1ou8_BD","Non-motif","model_4","rank_9","seed_4","recycle_3",TRUE,0.35,0.96,0.14,0.14,15.578,7.681,14.702,7.603
"119","1ou8_BD","Non-motif","model_4","rank_2","seed_4","recycle_9",FALSE,0.33,0.96,0.11,0.11,22.835,10.733,21.814,10.567
"120","1ou8_BD","Non-motif","model_4","rank_1","seed_4","recycle_9",TRUE,0.31,0.96,0.09,0.66,23.76,11.171,22.233,10.894
"121","1u00_AP","Non-motif","model_4","rank_8","seed_0","recycle_3",FALSE,1.67,1.83,0.95,1.97,21.802,10.837,22.31,11.131
"122","1u00_AP","Non-motif","model_4","rank_1","seed_0","recycle_3",TRUE,1.6,1.78,0.91,1.96,20.964,10.396,21.506,10.64
"123","1u00_AP","Non-motif","model_4","rank_9","seed_0","recycle_9",FALSE,1.54,1.7,0.69,1.6,19.084,9.194,19.868,9.566
"124","1u00_AP","Non-motif","model_4","rank_3","seed_0","recycle_9",TRUE,1.59,1.75,1.13,1.26,21.93,10.855,22.293,11.182
"125","1u00_AP","Non-motif","model_4","rank_7","seed_1","recycle_3",FALSE,1.62,1.79,0.95,1.1,22.131,10.984,22.637,11.362
"126","1u00_AP","Non-motif","model_4","rank_3","seed_1","recycle_3",TRUE,1.58,1.77,1.2,2.75,17.905,8.848,18.347,9.146
"127","1u00_AP","Non-motif","model_4","rank_4","seed_1","recycle_9",FALSE,1.47,1.63,0.37,0.46,3.867,1.807,5.969,3.218
"128","1u00_AP","Non-motif","model_4","rank_7","seed_1","recycle_9",TRUE,1.53,1.72,1.05,1.17,22.916,11.368,23.315,11.67
"129","1u00_AP","Non-motif","model_4","rank_3","seed_2","recycle_3",FALSE,1.53,1.71,0.3,0.42,3.99,1.812,6.031,3.236
"130","1u00_AP","Non-motif","model_4","rank_5","seed_2","recycle_3",TRUE,1.54,1.72,0.27,0.41,4.063,1.809,6.076,3.205
"131","1u00_AP","Non-motif","model_4","rank_2","seed_2","recycle_9",FALSE,1.47,1.65,0.25,0.38,3.903,1.796,5.996,3.221
"132","1u00_AP","Non-motif","model_4","rank_1","seed_2","recycle_9",TRUE,1.46,1.65,0.31,0.42,3.889,1.787,5.975,3.213
"133","1u00_AP","Non-motif","model_4","rank_4","seed_3","recycle_3",FALSE,1.59,1.76,1.44,2.61,19.971,9.713,20.369,9.961
"134","1u00_AP","Non-motif","model_4","rank_2","seed_3","recycle_3",TRUE,1.54,1.72,0.99,1.13,22.058,10.969,22.446,11.298
"135","1u00_AP","Non-motif","model_4","rank_8","seed_3","recycle_9",FALSE,1.35,1.57,0.8,1.93,20.436,9.993,21.37,10.359
"136","1u00_AP","Non-motif","model_4","rank_1","seed_3","recycle_9",TRUE,1.58,1.75,0.61,0.68,19.262,9.371,19.989,9.807
"137","1u00_AP","Non-motif","model_4","rank_2","seed_4","recycle_3",FALSE,1.55,1.72,0.24,0.38,4.032,1.797,6.098,3.219
"138","1u00_AP","Non-motif","model_4","rank_1","seed_4","recycle_3",TRUE,1.62,1.79,1.26,1.56,17.072,8.65,17.523,8.947
"139","1u00_AP","Non-motif","model_4","rank_1","seed_4","recycle_9",FALSE,1.22,1.47,0.23,0.38,3.84,1.794,5.924,3.213
"140","1u00_AP","Non-motif","model_4","rank_9","seed_4","recycle_9",TRUE,1.72,1.86,1.36,1.75,19.197,9.436,19.674,9.725
"141","2b9h_AC","Non-motif","model_4","rank_1","seed_0","recycle_3",FALSE,1.25,1.56,0.53,1.64,3.051,1.746,5.3,3.053
"142","2b9h_AC","Non-motif","model_4","rank_2","seed_0","recycle_3",TRUE,1.41,1.65,0.92,1.95,3.19,1.63,5.419,2.971
"143","2b9h_AC","Non-motif","model_4","rank_2","seed_0","recycle_9",FALSE,1.2,1.5,0.45,1.65,2.833,1.68,5.034,2.979
"144","2b9h_AC","Non-motif","model_4","rank_1","seed_0","recycle_9",TRUE,1.32,1.6,0.6,1.76,2.608,1.438,4.669,2.775
"145","2b9h_AC","Non-motif","model_4","rank_1","seed_1","recycle_3",FALSE,1.23,1.55,0.47,1.58,2.996,1.873,5.495,3.109
"146","2b9h_AC","Non-motif","model_4","rank_2","seed_1","recycle_3",TRUE,1.28,1.55,0.84,1.86,2.825,1.508,5.104,2.823
"147","2b9h_AC","Non-motif","model_4","rank_1","seed_1","recycle_9",FALSE,1.19,1.5,0.43,1.59,2.904,1.778,5.126,3.021
"148","2b9h_AC","Non-motif","model_4","rank_2","seed_1","recycle_9",TRUE,1.28,1.57,0.65,1.88,2.938,1.706,5.259,2.976
"149","2b9h_AC","Non-motif","model_4","rank_1","seed_2","recycle_3",FALSE,1.18,1.54,0.76,1.72,3.188,1.708,5.335,2.991
"150","2b9h_AC","Non-motif","model_4","rank_1","seed_2","recycle_3",TRUE,1.33,1.59,0.76,1.71,2.851,1.652,5.167,2.925
"151","2b9h_AC","Non-motif","model_4","rank_2","seed_2","recycle_9",FALSE,1.2,1.57,0.56,1.66,2.867,1.592,4.883,2.855
"152","2b9h_AC","Non-motif","model_4","rank_2","seed_2","recycle_9",TRUE,1.24,1.54,0.57,1.69,2.739,1.448,4.89,2.737
"153","2b9h_AC","Non-motif","model_4","rank_1","seed_3","recycle_3",FALSE,1.19,1.5,0.76,1.71,2.952,1.595,5.056,2.904
"154","2b9h_AC","Non-motif","model_4","rank_1","seed_3","recycle_3",TRUE,1.18,1.48,0.79,1.36,6.096,2.603,7.155,3.373
"155","2b9h_AC","Non-motif","model_4","rank_1","seed_3","recycle_9",FALSE,1.58,1.76,0.51,1.68,2.796,1.612,4.946,2.921
"156","2b9h_AC","Non-motif","model_4","rank_1","seed_3","recycle_9",TRUE,1.24,1.52,0.73,1.19,6.146,2.753,7.495,3.603
"157","2b9h_AC","Non-motif","model_4","rank_2","seed_4","recycle_3",FALSE,1.19,1.5,0.93,1.3,6.617,2.827,7.767,3.62
"158","2b9h_AC","Non-motif","model_4","rank_1","seed_4","recycle_3",TRUE,1.17,1.47,0.55,1.67,2.646,1.439,4.821,2.735
"159","2b9h_AC","Non-motif","model_4","rank_1","seed_4","recycle_9",FALSE,1.19,1.54,0.82,1.43,6.598,2.948,8.016,3.914
"160","2b9h_AC","Non-motif","model_4","rank_2","seed_4","recycle_9",TRUE,1.22,1.52,0.56,1.72,2.637,1.483,4.836,2.782
"161","2c3i_BA","Non-motif","model_4","rank_2","seed_0","recycle_3",FALSE,0.88,1.45,1.11,2.36,18.29,8.142,17.304,8.219
"162","2c3i_BA","Non-motif","model_4","rank_2","seed_0","recycle_3",TRUE,0.93,1.5,0.86,1.56,24.037,10.528,24.274,11.039
"163","2c3i_BA","Non-motif","model_4","rank_1","seed_0","recycle_9",FALSE,0.9,1.33,1.13,1.94,18.445,8.29,16.641,7.812
"164","2c3i_BA","Non-motif","model_4","rank_2","seed_0","recycle_9",TRUE,0.82,1.2,1.1,1.65,19.795,8.683,18.893,8.887
"165","2c3i_BA","Non-motif","model_4","rank_2","seed_1","recycle_3",FALSE,0.51,1.19,1.47,2.25,31.747,13.629,32.235,14.213
"166","2c3i_BA","Non-motif","model_4","rank_1","seed_1","recycle_3",TRUE,0.9,1.46,1.2,1.35,20.477,9.07,19.316,9.127
"167","2c3i_BA","Non-motif","model_4","rank_2","seed_1","recycle_9",FALSE,0.48,1.15,1.18,1.65,30.103,12.955,30.513,13.576
"168","2c3i_BA","Non-motif","model_4","rank_1","seed_1","recycle_9",TRUE,0.77,1.39,1.12,1.32,19.93,8.717,18.581,8.826
"169","2c3i_BA","Non-motif","model_4","rank_2","seed_2","recycle_3",FALSE,1.03,1.57,1.19,1.63,20.539,8.963,19.191,9.04
"170","2c3i_BA","Non-motif","model_4","rank_2","seed_2","recycle_3",TRUE,0.96,1.44,1.19,2.97,21.284,9.094,19.672,9.092
"171","2c3i_BA","Non-motif","model_4","rank_2","seed_2","recycle_9",FALSE,0.8,1.33,1.27,1.59,20.248,8.754,18.927,8.879
"172","2c3i_BA","Non-motif","model_4","rank_2","seed_2","recycle_9",TRUE,0.91,1.41,1.12,1.83,20.243,8.889,18.707,8.835
"173","2c3i_BA","Non-motif","model_4","rank_3","seed_3","recycle_3",FALSE,0.49,1.17,1.09,2.1,18.746,8.481,17.105,8.108
"174","2c3i_BA","Non-motif","model_4","rank_1","seed_3","recycle_3",TRUE,0.74,1.35,0.95,1.76,19.017,8.558,17.307,8.176
"175","2c3i_BA","Non-motif","model_4","rank_3","seed_3","recycle_9",FALSE,0.49,1,1.19,2.04,18.306,8.341,16.42,7.793
"176","2c3i_BA","Non-motif","model_4","rank_2","seed_3","recycle_9",TRUE,0.89,1.33,1.31,1.86,18.338,8.362,16.561,7.893
"177","2c3i_BA","Non-motif","model_4","rank_1","seed_4","recycle_3",FALSE,0.81,1.4,1.16,2.33,15.161,6.595,14.046,6.468
"178","2c3i_BA","Non-motif","model_4","rank_1","seed_4","recycle_3",TRUE,0.79,1.37,1.38,2.31,19.661,8.855,17.843,8.458
"179","2c3i_BA","Non-motif","model_4","rank_1","seed_4","recycle_9",FALSE,0.89,1.32,1.18,2.04,16.787,7.326,15.201,6.982
"180","2c3i_BA","Non-motif","model_4","rank_2","seed_4","recycle_9",TRUE,1.13,1.54,1.04,1.85,18.395,8.395,16.581,7.904
"181","2ds8_BP","Non-motif","model_4","rank_1","seed_0","recycle_3",FALSE,0.73,1.08,0.96,1.15,2.433,0.893,3.098,1.814
"182","2ds8_BP","Non-motif","model_4","rank_2","seed_0","recycle_3",TRUE,0.74,1.11,0.9,1.08,3.109,0.95,3.595,1.909
"183","2ds8_BP","Non-motif","model_4","rank_8","seed_0","recycle_9",FALSE,0.66,1.06,0.95,1.2,1.56,0.579,1.996,1.268
"184","2ds8_BP","Non-motif","model_4","rank_1","seed_0","recycle_9",TRUE,0.72,1.07,1.1,2.03,1.966,0.67,2.646,1.599
"185","2ds8_BP","Non-motif","model_4","rank_2","seed_1","recycle_3",FALSE,0.69,1.07,1,1.3,2.127,0.84,2.897,1.773
"186","2ds8_BP","Non-motif","model_4","rank_1","seed_1","recycle_3",TRUE,0.69,1.05,0.53,1,1.845,0.568,2.145,1.225
"187","2ds8_BP","Non-motif","model_4","rank_1","seed_1","recycle_9",FALSE,0.7,1.09,0.97,1.24,1.621,0.61,2.042,1.26
"188","2ds8_BP","Non-motif","model_4","rank_2","seed_1","recycle_9",TRUE,0.73,1.12,0.91,1.18,1.593,0.575,2.019,1.283
"189","2ds8_BP","Non-motif","model_4","rank_1","seed_2","recycle_3",FALSE,0.68,1.07,0.95,1.1,2.228,0.867,3.235,1.992
"190","2ds8_BP","Non-motif","model_4","rank_1","seed_2","recycle_3",TRUE,0.69,1.08,0.94,1.1,2.171,0.84,3.278,2.001
"191","2ds8_BP","Non-motif","model_4","rank_1","seed_2","recycle_9",FALSE,0.7,1.07,0.95,1.14,2.271,0.862,3.157,1.907
"192","2ds8_BP","Non-motif","model_4","rank_1","seed_2","recycle_9",TRUE,0.7,1.11,1.01,1.29,2.265,0.848,2.944,1.823
"193","2ds8_BP","Non-motif","model_4","rank_1","seed_3","recycle_3",FALSE,0.69,1.07,1,1.27,1.734,0.612,2.031,1.274
"194","2ds8_BP","Non-motif","model_4","rank_2","seed_3","recycle_3",TRUE,0.72,1.09,0.96,1.21,2.638,0.907,3.161,1.809
"195","2ds8_BP","Non-motif","model_4","rank_9","seed_3","recycle_9",FALSE,0.65,1.06,0.95,1.22,1.418,0.59,1.913,1.217
"196","2ds8_BP","Non-motif","model_4","rank_1","seed_3","recycle_9",TRUE,0.71,1.08,0.99,1.2,2.503,0.933,3.421,2.008
"197","2ds8_BP","Non-motif","model_4","rank_1","seed_4","recycle_3",FALSE,0.67,1.07,0.97,1.26,1.686,0.6,2.011,1.27
"198","2ds8_BP","Non-motif","model_4","rank_2","seed_4","recycle_3",TRUE,0.74,1.12,0.56,1.01,2.082,0.637,2.168,1.254
"199","2ds8_BP","Non-motif","model_4","rank_7","seed_4","recycle_9",FALSE,0.68,1.08,1,1.24,1.478,0.606,1.93,1.248
"200","2ds8_BP","Non-motif","model_4","rank_2","seed_4","recycle_9",TRUE,0.69,1.04,0.97,1.18,1.381,0.564,1.903,1.172
"201","2fmf_AB","Non-motif","model_4","rank_2","seed_0","recycle_3",FALSE,0.51,1.04,0.52,1.37,8.418,3.501,9.36,4.036
"202","2fmf_AB","Non-motif","model_4","rank_1","seed_0","recycle_3",TRUE,0.54,1.06,0.43,0.94,5.374,2.863,5.796,3.142
"203","2fmf_AB","Non-motif","model_4","rank_1","seed_0","recycle_9",FALSE,0.5,1.05,0.53,1.36,8.455,3.567,9.414,4.122
"204","2fmf_AB","Non-motif","model_4","rank_1","seed_0","recycle_9",TRUE,0.55,1.02,0.45,0.94,5.567,2.963,5.935,3.237
"205","2fmf_AB","Non-motif","model_4","rank_2","seed_1","recycle_3",FALSE,0.5,1.01,0.51,1.34,8.222,3.412,9.104,3.899
"206","2fmf_AB","Non-motif","model_4","rank_1","seed_1","recycle_3",TRUE,0.52,1.02,0.61,1.28,8.111,3.427,9.046,3.923
"207","2fmf_AB","Non-motif","model_4","rank_2","seed_1","recycle_9",FALSE,0.52,1.07,0.55,1.38,8.576,3.604,9.542,4.165
"208","2fmf_AB","Non-motif","model_4","rank_1","seed_1","recycle_9",TRUE,0.49,1.03,0.5,1.32,8.317,3.512,9.249,3.989
"209","2fmf_AB","Non-motif","model_4","rank_1","seed_2","recycle_3",FALSE,0.48,1.01,0.64,1.37,8.422,3.49,9.317,3.985
"210","2fmf_AB","Non-motif","model_4","rank_1","seed_2","recycle_3",TRUE,0.5,0.99,0.58,1.42,8.802,3.608,9.741,4.121
"211","2fmf_AB","Non-motif","model_4","rank_2","seed_2","recycle_9",FALSE,0.51,1.03,0.52,1.35,8.562,3.563,9.494,4.084
"212","2fmf_AB","Non-motif","model_4","rank_2","seed_2","recycle_9",TRUE,0.52,1.06,0.66,1.39,8.537,3.53,9.452,4.058
"213","2fmf_AB","Non-motif","model_4","rank_1","seed_3","recycle_3",FALSE,0.5,1.01,0.64,1.37,8.373,3.474,9.271,3.973
"214","2fmf_AB","Non-motif","model_4","rank_1","seed_3","recycle_3",TRUE,0.51,1.06,0.62,1.37,7.943,3.322,8.852,3.886
"215","2fmf_AB","Non-motif","model_4","rank_2","seed_3","recycle_9",FALSE,0.5,1.01,0.63,1.36,8.615,3.591,9.545,4.09
"216","2fmf_AB","Non-motif","model_4","rank_1","seed_3","recycle_9",TRUE,0.53,1.03,0.62,1.38,8.213,3.387,9.114,3.893
"217","2fmf_AB","Non-motif","model_4","rank_2","seed_4","recycle_3",FALSE,0.51,1.07,0.51,1.39,8.197,3.459,9.174,4.061
"218","2fmf_AB","Non-motif","model_4","rank_2","seed_4","recycle_3",TRUE,0.53,1.06,0.55,1.37,8.1,3.335,8.994,3.918
"219","2fmf_AB","Non-motif","model_4","rank_2","seed_4","recycle_9",FALSE,0.51,1.06,0.51,1.36,8.462,3.558,9.42,4.132
"220","2fmf_AB","Non-motif","model_4","rank_2","seed_4","recycle_9",TRUE,0.53,1.1,0.63,1.35,7.873,3.315,8.789,3.889
"221","2h9m_CD","Non-motif","model_4","rank_1","seed_0","recycle_3",FALSE,0.52,0.93,0.21,0.28,6.065,2.826,9.118,4.614
"222","2h9m_CD","Non-motif","model_4","rank_3","seed_0","recycle_3",TRUE,0.52,0.92,0.21,0.28,5.838,2.727,9.103,4.611
"223","2h9m_CD","Non-motif","model_4","rank_9","seed_0","recycle_9",FALSE,0.55,0.96,0.17,0.23,6.651,3.109,9.652,4.911
"224","2h9m_CD","Non-motif","model_4","rank_8","seed_0","recycle_9",TRUE,0.55,0.94,0.17,0.23,5.833,2.74,8.977,4.601
"225","2h9m_CD","Non-motif","model_4","rank_6","seed_1","recycle_3",FALSE,0.52,0.93,0.18,0.25,4.957,2.334,8.562,4.345
"226","2h9m_CD","Non-motif","model_4","rank_1","seed_1","recycle_3",TRUE,0.53,0.97,0.18,0.24,8.594,3.891,11.09,5.432
"227","2h9m_CD","Non-motif","model_4","rank_1","seed_1","recycle_9",FALSE,0.52,0.93,0.17,0.23,6.234,2.925,9.372,4.777
"228","2h9m_CD","Non-motif","model_4","rank_2","seed_1","recycle_9",TRUE,0.54,0.96,0.16,0.22,13.24,5.822,15.057,7.102
"229","2h9m_CD","Non-motif","model_4","rank_2","seed_2","recycle_3",FALSE,0.54,0.94,0.19,0.26,4.76,2.299,7.948,4.1
"230","2h9m_CD","Non-motif","model_4","rank_4","seed_2","recycle_3",TRUE,0.58,0.96,0.19,0.26,6.153,2.866,9.302,4.682
"231","2h9m_CD","Non-motif","model_4","rank_1","seed_2","recycle_9",FALSE,0.51,0.92,0.18,0.24,5.659,2.678,8.68,4.425
"232","2h9m_CD","Non-motif","model_4","rank_3","seed_2","recycle_9",TRUE,0.61,0.98,0.17,0.24,7.402,3.385,10.349,5.161
"233","2h9m_CD","Non-motif","model_4","rank_1","seed_3","recycle_3",FALSE,0.56,0.97,0.2,0.27,5.798,2.715,8.904,4.527
"234","2h9m_CD","Non-motif","model_4","rank_6","seed_3","recycle_3",TRUE,0.58,0.97,0.17,0.24,5.752,2.689,8.788,4.379
"235","2h9m_CD","Non-motif","model_4","rank_1","seed_3","recycle_9",FALSE,0.55,0.96,0.17,0.23,6.792,3.173,9.709,4.937
"236","2h9m_CD","Non-motif","model_4","rank_4","seed_3","recycle_9",TRUE,0.52,0.92,0.19,0.25,6.435,2.996,9.485,4.763
"237","2h9m_CD","Non-motif","model_4","rank_1","seed_4","recycle_3",FALSE,0.59,1,0.15,0.21,11.799,5.256,13.411,6.408
"238","2h9m_CD","Non-motif","model_4","rank_2","seed_4","recycle_3",TRUE,0.62,1.03,0.17,0.23,9.103,4.123,11.765,5.753
"239","2h9m_CD","Non-motif","model_4","rank_3","seed_4","recycle_9",FALSE,0.58,0.96,0.15,0.21,11.828,5.289,13.679,6.581
"240","2h9m_CD","Non-motif","model_4","rank_1","seed_4","recycle_9",TRUE,0.6,0.97,0.15,0.21,11.815,5.254,13.31,6.373
"241","2hpl_AB","Non-motif","model_4","rank_5","seed_0","recycle_3",FALSE,0.47,1.13,0.64,0.54,52.053,21.932,52.861,22.53
"242","2hpl_AB","Non-motif","model_4","rank_1","seed_0","recycle_3",TRUE,0.48,1.15,0.1,0.88,51.605,21.845,53.569,22.826
"243","2hpl_AB","Non-motif","model_4","rank_8","seed_0","recycle_9",FALSE,0.47,1.14,0.75,1.18,56.506,24.062,57.666,24.7
"244","2hpl_AB","Non-motif","model_4","rank_4","seed_0","recycle_9",TRUE,0.47,1.11,1.04,2.17,52.188,22.07,53.903,22.946
"245","2hpl_AB","Non-motif","model_4","rank_1","seed_1","recycle_3",FALSE,0.48,1.12,0.6,0.82,3.316,1.529,4.521,2.394
"246","2hpl_AB","Non-motif","model_4","rank_1","seed_1","recycle_3",TRUE,0.47,1.11,0.14,0.96,15.341,6.668,16.908,7.417
"247","2hpl_AB","Non-motif","model_4","rank_9","seed_1","recycle_9",FALSE,0.5,1.15,0.6,0.81,3.68,1.687,4.813,2.489
"248","2hpl_AB","Non-motif","model_4","rank_5","seed_1","recycle_9",TRUE,0.47,1.16,0.11,0.94,52.221,22.834,54.29,23.552
"249","2hpl_AB","Non-motif","model_4","rank_1","seed_2","recycle_3",FALSE,0.48,1.14,0.13,0.96,11.073,5.338,11.669,5.621
"250","2hpl_AB","Non-motif","model_4","rank_9","seed_2","recycle_3",TRUE,0.48,1.16,1.83,2.64,41.524,17.097,41.975,17.779
"251","2hpl_AB","Non-motif","model_4","rank_6","seed_2","recycle_9",FALSE,0.47,1.12,0.14,0.97,56.153,23.965,57.809,24.744
"252","2hpl_AB","Non-motif","model_4","rank_7","seed_2","recycle_9",TRUE,0.49,1.13,0.83,1.23,51.444,21.936,52.433,22.535
"253","2hpl_AB","Non-motif","model_4","rank_6","seed_3","recycle_3",FALSE,0.47,1.15,0.14,0.94,55.109,23.505,56.655,24.247
"254","2hpl_AB","Non-motif","model_4","rank_1","seed_3","recycle_3",TRUE,0.47,1.19,1.87,3.32,45.068,19.151,46.797,20.003
"255","2hpl_AB","Non-motif","model_4","rank_1","seed_3","recycle_9",FALSE,0.47,1.13,0.14,0.95,55.812,23.874,57.618,24.689
"256","2hpl_AB","Non-motif","model_4","rank_3","seed_3","recycle_9",TRUE,0.48,1.15,0.14,0.87,51.974,22.324,53.382,22.946
"257","2hpl_AB","Non-motif","model_4","rank_8","seed_4","recycle_3",FALSE,0.46,1.15,0.15,0.95,55.13,23.489,56.541,24.196
"258","2hpl_AB","Non-motif","model_4","rank_4","seed_4","recycle_3",TRUE,0.47,1.13,1.13,1.58,44.011,18.435,44.85,19.041
"259","2hpl_AB","Non-motif","model_4","rank_7","seed_4","recycle_9",FALSE,0.48,1.12,0.97,1.27,56.814,24.249,58.11,24.855
"260","2hpl_AB","Non-motif","model_4","rank_1","seed_4","recycle_9",TRUE,0.46,1.12,0.7,1.27,51.079,22.361,52.503,22.789
"261","2o02_AP","Non-motif","model_4","rank_1","seed_0","recycle_3",FALSE,0.56,1.19,0.32,0.89,18.169,9.223,17.756,8.739
"262","2o02_AP","Non-motif","model_4","rank_1","seed_0","recycle_3",TRUE,0.56,1.2,0.86,1.47,17.787,8.961,17.369,8.48
"263","2o02_AP","Non-motif","model_4","rank_1","seed_0","recycle_9",FALSE,0.6,1.21,0.62,0.82,18.258,9.267,17.861,8.758
"264","2o02_AP","Non-motif","model_4","rank_2","seed_0","recycle_9",TRUE,0.6,1.22,0.51,0.8,17.823,9.028,17.419,8.552
"265","2o02_AP","Non-motif","model_4","rank_1","seed_1","recycle_3",FALSE,0.58,1.19,0.33,0.9,18.034,9.18,17.633,8.694
"266","2o02_AP","Non-motif","model_4","rank_1","seed_1","recycle_3",TRUE,0.58,1.21,0.37,0.77,17.87,9.07,17.5,8.583
"267","2o02_AP","Non-motif","model_4","rank_1","seed_1","recycle_9",FALSE,0.57,1.19,0.35,0.96,18.19,9.27,17.799,8.787
"268","2o02_AP","Non-motif","model_4","rank_2","seed_1","recycle_9",TRUE,0.58,1.21,0.53,0.8,18.134,9.223,17.763,8.761
"269","2o02_AP","Non-motif","model_4","rank_1","seed_2","recycle_3",FALSE,0.56,1.17,0.32,0.94,18.217,9.265,17.806,8.75
"270","2o02_AP","Non-motif","model_4","rank_2","seed_2","recycle_3",TRUE,0.55,1.17,0.67,0.84,17.941,9.185,17.524,8.667
"271","2o02_AP","Non-motif","model_4","rank_1","seed_2","recycle_9",FALSE,0.57,1.2,0.34,0.98,18.188,9.272,17.792,8.762
"272","2o02_AP","Non-motif","model_4","rank_1","seed_2","recycle_9",TRUE,0.56,1.19,1.18,1.29,18.408,9.383,17.989,8.869
"273","2o02_AP","Non-motif","model_4","rank_1","seed_3","recycle_3",FALSE,0.56,1.18,0.32,0.91,18.047,9.168,17.638,8.69
"274","2o02_AP","Non-motif","model_4","rank_1","seed_3","recycle_3",TRUE,0.6,1.21,0.48,0.78,17.897,9.039,17.495,8.583
"275","2o02_AP","Non-motif","model_4","rank_1","seed_3","recycle_9",FALSE,0.56,1.19,0.62,0.81,18.119,9.237,17.72,8.75
"276","2o02_AP","Non-motif","model_4","rank_1","seed_3","recycle_9",TRUE,0.62,1.22,1.06,1.22,18.241,9.274,17.853,8.783
"277","2o02_AP","Non-motif","model_4","rank_2","seed_4","recycle_3",FALSE,0.59,1.21,0.64,0.83,18.058,9.156,17.649,8.677
"278","2o02_AP","Non-motif","model_4","rank_1","seed_4","recycle_3",TRUE,0.65,1.26,0.15,0.91,18.532,9.402,18.12,8.911
"279","2o02_AP","Non-motif","model_4","rank_2","seed_4","recycle_9",FALSE,0.58,1.2,0.34,0.99,18.208,9.262,17.813,8.778
"280","2o02_AP","Non-motif","model_4","rank_1","seed_4","recycle_9",TRUE,0.61,1.2,1.05,1.21,18.223,9.222,17.856,8.748
"281","3d1e_AP","Non-motif","model_4","rank_2","seed_0","recycle_3",FALSE,0.82,1.31,0.59,1.22,6.044,2.712,6.508,3.076
"282","3d1e_AP","Non-motif","model_4","rank_2","seed_0","recycle_3",TRUE,0.82,1.31,0.78,0.67,6.208,2.768,6.785,3.211
"283","3d1e_AP","Non-motif","model_4","rank_2","seed_0","recycle_9",FALSE,0.87,1.34,0.4,1.27,5.968,2.705,6.342,3.017
"284","3d1e_AP","Non-motif","model_4","rank_1","seed_0","recycle_9",TRUE,0.81,1.31,0.64,1.41,5.943,2.683,6.325,3.004
"285","3d1e_AP","Non-motif","model_4","rank_2","seed_1","recycle_3",FALSE,0.84,1.34,0.39,1.24,5.957,2.679,6.378,3.024
"286","3d1e_AP","Non-motif","model_4","rank_2","seed_1","recycle_3",TRUE,0.82,1.32,0.58,1.19,5.299,2.464,7.114,3.433
"287","3d1e_AP","Non-motif","model_4","rank_2","seed_1","recycle_9",FALSE,0.87,1.36,0.41,1.26,5.856,2.665,6.258,2.986
"288","3d1e_AP","Non-motif","model_4","rank_2","seed_1","recycle_9",TRUE,0.83,1.34,0.59,1.29,0.948,0.699,1.476,1.035
"289","3d1e_AP","Non-motif","model_4","rank_2","seed_2","recycle_3",FALSE,0.83,1.33,0.49,1.24,6.102,2.749,6.565,3.114
"290","3d1e_AP","Non-motif","model_4","rank_2","seed_2","recycle_3",TRUE,0.8,1.3,1.13,2.07,5.604,2.499,6.205,2.957
"291","3d1e_AP","Non-motif","model_4","rank_2","seed_2","recycle_9",FALSE,0.89,1.37,0.39,1.27,5.9,2.679,6.297,3.004
"292","3d1e_AP","Non-motif","model_4","rank_2","seed_2","recycle_9",TRUE,0.87,1.36,0.7,1.26,0.843,0.659,1.484,1.036
"293","3d1e_AP","Non-motif","model_4","rank_2","seed_3","recycle_3",FALSE,0.83,1.33,0.52,1.24,6.172,2.752,6.618,3.121
"294","3d1e_AP","Non-motif","model_4","rank_2","seed_3","recycle_3",TRUE,0.86,1.32,0.64,1.24,6.016,2.7,6.455,3.039
"295","3d1e_AP","Non-motif","model_4","rank_2","seed_3","recycle_9",FALSE,0.87,1.36,0.63,1.42,5.981,2.708,6.356,3.027
"296","3d1e_AP","Non-motif","model_4","rank_2","seed_3","recycle_9",TRUE,0.82,1.31,0.64,1.43,5.954,2.68,6.314,3.01
"297","3d1e_AP","Non-motif","model_4","rank_2","seed_4","recycle_3",FALSE,0.8,1.3,0.41,1.25,5.917,2.677,6.322,3.017
"298","3d1e_AP","Non-motif","model_4","rank_2","seed_4","recycle_3",TRUE,0.92,1.41,0.57,1.37,5.966,2.704,6.397,3.05
"299","3d1e_AP","Non-motif","model_4","rank_2","seed_4","recycle_9",FALSE,0.86,1.34,0.63,1.42,5.866,2.677,6.273,3.006
"300","3d1e_AP","Non-motif","model_4","rank_1","seed_4","recycle_9",TRUE,0.97,1.42,0.59,1.26,5.793,2.644,6.215,2.973
