seq	rms	lddt	model	pdb	run_type
H	44.9875	0.5069	model_3	1awr	sep
A	47.0966	0.5115	model_3	1awr	sep
G	49.5081	0.6146	model_3	1awr	sep
P	52.0715	0.6332	model_3	1awr	sep
I	53.9559	0.5654	model_3	1awr	sep
A	54.2706	0.6465000000000001	model_3	1awr	sep
H	45.3442	0.5004	model_5	1awr	sep
A	45.21	0.5436	model_5	1awr	sep
G	47.2362	0.6288	model_5	1awr	sep
P	48.1452	0.5754	model_5	1awr	sep
I	47.6952	0.6209	model_5	1awr	sep
A	47.9063	0.5861	model_5	1awr	sep
H	56.7769	0.5392	model_1	1awr	sep
A	53.944	0.6252	model_1	1awr	sep
G	54.2004	0.6284000000000001	model_1	1awr	sep
P	52.8281	0.7292000000000001	model_1	1awr	sep
I	57.4851	0.7462000000000001	model_1	1awr	sep
A	57.0781	0.6545000000000001	model_1	1awr	sep
H	66.8956	0.5255	model_2	1awr	sep
A	65.5522	0.4886	model_2	1awr	sep
G	64.8644	0.5572	model_2	1awr	sep
P	64.3434	0.6745	model_2	1awr	sep
I	71.5871	0.6653	model_2	1awr	sep
A	73.9859	0.42060000000000003	model_2	1awr	sep
H	46.4107	0.5218	model_4	1awr	sep
A	46.2015	0.6041	model_4	1awr	sep
G	50.3763	0.7491	model_4	1awr	sep
P	53.4315	0.6937000000000001	model_4	1awr	sep
I	55.345	0.6481999999999999	model_4	1awr	sep
A	59.0679	0.6848000000000001	model_4	1awr	sep
E	6.9462	0.7153	model_4	1u00	sep
L	6.2131	0.8493	model_4	1u00	sep
P	4.8828	0.8803	model_4	1u00	sep
P	4.904	0.9159999999999999	model_4	1u00	sep
V	5.7181	0.8813	model_4	1u00	sep
K	7.2454	0.8631	model_4	1u00	sep
I	6.7147	0.7873	model_4	1u00	sep
H	4.917	0.6725	model_4	1u00	sep
C	5.5537	0.4754	model_4	1u00	sep
E	8.998	0.4065	model_2	1u00	sep
L	9.495	0.4156	model_2	1u00	sep
P	10.7575	0.5537	model_2	1u00	sep
P	10.6916	0.5999	model_2	1u00	sep
V	9.788	0.7172	model_2	1u00	sep
K	12.5054	0.7644	model_2	1u00	sep
I	10.5841	0.7219	model_2	1u00	sep
H	10.6049	0.6740999999999999	model_2	1u00	sep
C	8.4712	0.5932999999999999	model_2	1u00	sep
E	8.7454	0.4585	model_5	1u00	sep
L	9.1709	0.5036	model_5	1u00	sep
P	10.4478	0.6091	model_5	1u00	sep
P	10.4156	0.6379	model_5	1u00	sep
V	9.3664	0.78	model_5	1u00	sep
K	12.2438	0.7988	model_5	1u00	sep
I	10.1401	0.7702	model_5	1u00	sep
H	10.4357	0.7304	model_5	1u00	sep
C	8.3902	0.5808	model_5	1u00	sep
E	6.9871	0.7715000000000001	model_3	1u00	sep
L	6.062	0.9078	model_3	1u00	sep
P	4.7617	0.9136	model_3	1u00	sep
P	4.7038	0.9414	model_3	1u00	sep
V	5.6294	0.9139	model_3	1u00	sep
K	7.1496	0.8957999999999999	model_3	1u00	sep
I	6.6263	0.8329000000000001	model_3	1u00	sep
H	4.8901	0.7487999999999999	model_3	1u00	sep
C	5.1445	0.4972	model_3	1u00	sep
E	9.2319	0.4324	model_1	1u00	sep
L	9.4223	0.461	model_1	1u00	sep
P	10.7229	0.5550999999999999	model_1	1u00	sep
P	10.6252	0.5993999999999999	model_1	1u00	sep
V	9.6572	0.6983	model_1	1u00	sep
K	12.3582	0.7628	model_1	1u00	sep
I	10.174	0.7401000000000001	model_1	1u00	sep
H	10.4688	0.6609999999999999	model_1	1u00	sep
C	8.4915	0.5433	model_1	1u00	sep
A	-1.0	0.5467	model_2	2ds8	linker
P	-1.0	0.5534	model_2	2ds8	linker
A	3.9073	0.5832	model_2	2ds8	linker
L	1.8565	0.6117	model_2	2ds8	linker
R	2.1967	0.7132	model_2	2ds8	linker
V	1.6981	0.6842	model_2	2ds8	linker
V	1.4427	0.6775	model_2	2ds8	linker
K	5.5066	0.568	model_2	2ds8	linker
A	-1.0	0.5672999999999999	model_4	2ds8	linker
P	-1.0	0.5572	model_4	2ds8	linker
A	2.9593	0.7001999999999999	model_4	2ds8	linker
L	0.9323	0.8023	model_4	2ds8	linker
R	2.7014	0.8404	model_4	2ds8	linker
V	1.5155	0.8370000000000001	model_4	2ds8	linker
V	1.5827	0.8301000000000001	model_4	2ds8	linker
K	1.1485	0.7835	model_4	2ds8	linker
A	-1.0	0.5705	model_1	2ds8	linker
P	-1.0	0.6015	model_1	2ds8	linker
A	3.3851	0.5759000000000001	model_1	2ds8	linker
L	1.731	0.6239	model_1	2ds8	linker
R	2.0451	0.7112999999999999	model_1	2ds8	linker
V	1.6494	0.7042	model_1	2ds8	linker
V	1.5921	0.6823999999999999	model_1	2ds8	linker
K	4.6741	0.5861999999999999	model_1	2ds8	linker
A	-1.0	0.5638000000000001	model_3	2ds8	linker
P	-1.0	0.525	model_3	2ds8	linker
A	29.1957	0.5974	model_3	2ds8	linker
L	34.5683	0.4997	model_3	2ds8	linker
R	31.7151	0.6724	model_3	2ds8	linker
V	41.0187	0.5548	model_3	2ds8	linker
V	40.5309	0.7256999999999999	model_3	2ds8	linker
K	51.3108	0.7126	model_3	2ds8	linker
A	-1.0	0.5415	model_5	2ds8	linker
P	-1.0	0.5136	model_5	2ds8	linker
A	3.4746	0.6062	model_5	2ds8	linker
L	1.3726	0.6409	model_5	2ds8	linker
R	2.1846	0.6837000000000001	model_5	2ds8	linker
V	1.5765	0.6966	model_5	2ds8	linker
V	1.009	0.7336	model_5	2ds8	linker
K	1.2199	0.6363	model_5	2ds8	linker
G	-1.0	0.4213	model_1	1ou8	sep
R	-1.0	0.45380000000000004	model_1	1ou8	sep
H	-1.0	0.4316	model_1	1ou8	sep
G	14.8988	0.4058	model_1	1ou8	sep
A	10.2611	0.4925	model_1	1ou8	sep
A	8.28	0.43979999999999997	model_1	1ou8	sep
N	7.9832	0.4902	model_1	1ou8	sep
D	11.4396	0.4052	model_1	1ou8	sep
E	12.0025	0.5008	model_1	1ou8	sep
N	20.3959	0.3921	model_1	1ou8	sep
Y	26.238	0.3887	model_1	1ou8	sep
G	-1.0	0.4238	model_5	1ou8	sep
R	-1.0	0.4268	model_5	1ou8	sep
H	-1.0	0.43579999999999997	model_5	1ou8	sep
G	16.1411	0.3682	model_5	1ou8	sep
A	11.92	0.39649999999999996	model_5	1ou8	sep
A	9.0223	0.3651	model_5	1ou8	sep
N	10.7526	0.38770000000000004	model_5	1ou8	sep
D	11.447	0.3665	model_5	1ou8	sep
E	11.5014	0.4129	model_5	1ou8	sep
N	19.2818	0.3601	model_5	1ou8	sep
Y	26.1163	0.35810000000000003	model_5	1ou8	sep
G	-1.0	0.3337	model_2	1ou8	sep
R	-1.0	0.4079	model_2	1ou8	sep
H	-1.0	0.42579999999999996	model_2	1ou8	sep
G	13.6189	0.44670000000000004	model_2	1ou8	sep
A	9.0176	0.5814	model_2	1ou8	sep
A	7.1254	0.696	model_2	1ou8	sep
N	1.8222	0.8273	model_2	1ou8	sep
D	4.7054	0.6994	model_2	1ou8	sep
E	7.0945	0.5796	model_2	1ou8	sep
N	13.9127	0.5263	model_2	1ou8	sep
Y	20.378	0.4251	model_2	1ou8	sep
G	-1.0	0.4403	model_4	1ou8	sep
R	-1.0	0.4207	model_4	1ou8	sep
H	-1.0	0.3865	model_4	1ou8	sep
G	22.424	0.3668	model_4	1ou8	sep
A	22.4953	0.4214	model_4	1ou8	sep
A	21.7292	0.4793	model_4	1ou8	sep
N	22.0344	0.42829999999999996	model_4	1ou8	sep
D	19.9181	0.5191	model_4	1ou8	sep
E	14.6038	0.4335	model_4	1ou8	sep
N	18.3275	0.42219999999999996	model_4	1ou8	sep
Y	19.0327	0.4439	model_4	1ou8	sep
G	-1.0	0.35090000000000005	model_3	1ou8	sep
R	-1.0	0.42810000000000004	model_3	1ou8	sep
H	-1.0	0.4048	model_3	1ou8	sep
G	8.9828	0.3983	model_3	1ou8	sep
A	4.3312	0.5343	model_3	1ou8	sep
A	2.2962	0.46140000000000003	model_3	1ou8	sep
N	8.39	0.4894	model_3	1ou8	sep
D	11.1862	0.46509999999999996	model_3	1ou8	sep
E	14.749	0.35200000000000004	model_3	1ou8	sep
N	19.9059	0.3492	model_3	1ou8	sep
Y	26.338	0.40590000000000004	model_3	1ou8	sep
A	-1.0	0.7434000000000001	model_1	2fmf	sep
S	-1.0	0.8575	model_1	2fmf	sep
Q	10.6255	0.8908	model_1	2fmf	sep
D	9.3582	0.8863	model_1	2fmf	sep
Q	7.6127	0.8852	model_1	2fmf	sep
V	4.8833	0.8915000000000001	model_1	2fmf	sep
D	5.9012	0.9029	model_1	2fmf	sep
D	3.3677	0.9091	model_1	2fmf	sep
L	1.2602	0.8916	model_1	2fmf	sep
L	3.607	0.8818	model_1	2fmf	sep
D	3.1612	0.8817	model_1	2fmf	sep
S	3.03	0.8915000000000001	model_1	2fmf	sep
L	4.0754	0.8471	model_1	2fmf	sep
G	6.2177	0.7998000000000001	model_1	2fmf	sep
F	5.9195	0.7068000000000001	model_1	2fmf	sep
A	-1.0	0.5815	model_5	2fmf	sep
S	-1.0	0.6907	model_5	2fmf	sep
Q	10.4599	0.6297	model_5	2fmf	sep
D	10.3546	0.7154	model_5	2fmf	sep
Q	9.8047	0.6739	model_5	2fmf	sep
V	8.2425	0.6302	model_5	2fmf	sep
D	8.1457	0.7090000000000001	model_5	2fmf	sep
D	8.1623	0.7414000000000001	model_5	2fmf	sep
L	6.5466	0.6942	model_5	2fmf	sep
L	5.3887	0.6920999999999999	model_5	2fmf	sep
D	5.4879	0.7404999999999999	model_5	2fmf	sep
S	5.5497	0.6677	model_5	2fmf	sep
L	4.0819	0.6697	model_5	2fmf	sep
G	2.6027	0.639	model_5	2fmf	sep
F	3.0543	0.6378	model_5	2fmf	sep
A	-1.0	0.8479000000000001	model_3	2fmf	sep
S	-1.0	0.9366	model_3	2fmf	sep
Q	10.3576	0.9662999999999999	model_3	2fmf	sep
D	8.9675	0.9569	model_3	2fmf	sep
Q	7.3216	0.9620000000000001	model_3	2fmf	sep
V	4.5715	0.9684999999999999	model_3	2fmf	sep
D	5.5991	0.961	model_3	2fmf	sep
D	3.0266	0.9656	model_3	2fmf	sep
L	1.2289	0.9586	model_3	2fmf	sep
L	3.7402	0.9527	model_3	2fmf	sep
D	3.2279	0.9473	model_3	2fmf	sep
S	3.5085	0.9451	model_3	2fmf	sep
L	4.4627	0.9111	model_3	2fmf	sep
G	6.6527	0.8894	model_3	2fmf	sep
F	4.9923	0.8094	model_3	2fmf	sep
A	-1.0	0.7218000000000001	model_2	2fmf	sep
S	-1.0	0.8538	model_2	2fmf	sep
Q	10.7679	0.8944	model_2	2fmf	sep
D	9.5104	0.8772	model_2	2fmf	sep
Q	7.8926	0.8839	model_2	2fmf	sep
V	4.7997	0.8873000000000001	model_2	2fmf	sep
D	5.8913	0.8952	model_2	2fmf	sep
D	3.4198	0.9074	model_2	2fmf	sep
L	1.4531	0.8858	model_2	2fmf	sep
L	3.7211	0.8809	model_2	2fmf	sep
D	3.2643	0.8934000000000001	model_2	2fmf	sep
S	3.6721	0.9061	model_2	2fmf	sep
L	5.0737	0.8706	model_2	2fmf	sep
G	7.0718	0.8503000000000001	model_2	2fmf	sep
F	6.7073	0.8008	model_2	2fmf	sep
A	-1.0	0.7345999999999999	model_4	2fmf	sep
S	-1.0	0.8634999999999999	model_4	2fmf	sep
Q	17.391	0.8745	model_4	2fmf	sep
D	17.1402	0.9112	model_4	2fmf	sep
Q	14.7935	0.895	model_4	2fmf	sep
V	11.01	0.8919	model_4	2fmf	sep
D	11.7503	0.9176000000000001	model_4	2fmf	sep
D	10.9603	0.9283	model_4	2fmf	sep
L	6.9188	0.9175	model_4	2fmf	sep
L	5.4246	0.8939	model_4	2fmf	sep
D	5.2618	0.9126000000000001	model_4	2fmf	sep
S	5.9749	0.9014	model_4	2fmf	sep
L	4.2999	0.8847	model_4	2fmf	sep
G	4.4059	0.8466	model_4	2fmf	sep
F	6.5356	0.8373999999999999	model_4	2fmf	sep
H	8.9762	0.5085999999999999	model_4	1er8	linker
P	3.7834	0.5918	model_4	1er8	linker
F	7.4777	0.7406	model_4	1er8	linker
H	7.0032	0.797	model_4	1er8	linker
L	6.3551	0.845	model_4	1er8	linker
L	6.3555	0.8545999999999999	model_4	1er8	linker
V	4.8423	0.8197	model_4	1er8	linker
Y	7.6125	0.7594	model_4	1er8	linker
H	8.5693	0.4255	model_5	1er8	linker
P	8.1643	0.425	model_5	1er8	linker
F	10.3128	0.4686	model_5	1er8	linker
H	8.7766	0.5306000000000001	model_5	1er8	linker
L	9.8829	0.5710000000000001	model_5	1er8	linker
L	9.6555	0.6787000000000001	model_5	1er8	linker
V	8.9789	0.7054	model_5	1er8	linker
Y	11.4651	0.5189	model_5	1er8	linker
H	5.6254	0.501	model_3	1er8	linker
P	4.1567	0.5851	model_3	1er8	linker
F	7.2641	0.7181000000000001	model_3	1er8	linker
H	6.8543	0.7959999999999999	model_3	1er8	linker
L	6.306	0.8542000000000001	model_3	1er8	linker
L	6.3152	0.8625	model_3	1er8	linker
V	4.6627	0.8331999999999999	model_3	1er8	linker
Y	7.7971	0.7925	model_3	1er8	linker
H	4.3531	0.5161	model_1	1er8	linker
P	4.7731	0.5767	model_1	1er8	linker
F	7.4672	0.6815000000000001	model_1	1er8	linker
H	6.8764	0.7345999999999999	model_1	1er8	linker
L	6.3419	0.7695000000000001	model_1	1er8	linker
L	6.3172	0.7963	model_1	1er8	linker
V	4.7717	0.7197	model_1	1er8	linker
Y	7.8939	0.6411	model_1	1er8	linker
H	5.8204	0.34259999999999996	model_2	1er8	linker
P	7.4549	0.3741	model_2	1er8	linker
F	9.6458	0.4233	model_2	1er8	linker
H	9.1917	0.4422	model_2	1er8	linker
L	8.4336	0.46090000000000003	model_2	1er8	linker
L	7.9267	0.5154	model_2	1er8	linker
V	9.2491	0.48969999999999997	model_2	1er8	linker
Y	9.0959	0.38409999999999994	model_2	1er8	linker
R	5.831	0.4227	model_5	2b9h	linker
R	6.6947	0.43810000000000004	model_5	2b9h	linker
N	7.1252	0.379	model_5	2b9h	linker
L	5.6262	0.4867	model_5	2b9h	linker
K	9.2932	0.45020000000000004	model_5	2b9h	linker
G	2.0221	0.5706	model_5	2b9h	linker
L	0.8626	0.685	model_5	2b9h	linker
N	2.1563	0.7506999999999999	model_5	2b9h	linker
L	0.3698	0.7387	model_5	2b9h	linker
N	0.6264	0.7318000000000001	model_5	2b9h	linker
L	0.8194	0.6823	model_5	2b9h	linker
H	2.9657	0.4903	model_5	2b9h	linker
P	-1.0	0.4698	model_5	2b9h	linker
D	-1.0	0.3837	model_5	2b9h	linker
R	6.4414	0.5223	model_1	2b9h	linker
R	9.646	0.5675	model_1	2b9h	linker
N	6.4339	0.595	model_1	2b9h	linker
L	7.6491	0.7333	model_1	2b9h	linker
K	8.3928	0.7444	model_1	2b9h	linker
G	6.373	0.7345999999999999	model_1	2b9h	linker
L	7.7434	0.7537	model_1	2b9h	linker
N	7.8694	0.7584000000000001	model_1	2b9h	linker
L	5.5847	0.7514	model_1	2b9h	linker
N	5.9856	0.5978	model_1	2b9h	linker
L	6.3294	0.4924	model_1	2b9h	linker
H	6.5958	0.39880000000000004	model_1	2b9h	linker
P	-1.0	0.4004	model_1	2b9h	linker
D	-1.0	0.3407	model_1	2b9h	linker
R	6.398	0.3953	model_4	2b9h	linker
R	6.3904	0.43229999999999996	model_4	2b9h	linker
N	7.3757	0.36229999999999996	model_4	2b9h	linker
L	5.4741	0.4964	model_4	2b9h	linker
K	9.5626	0.43939999999999996	model_4	2b9h	linker
G	1.8853	0.5854	model_4	2b9h	linker
L	0.7556	0.6814	model_4	2b9h	linker
N	2.1395	0.7505	model_4	2b9h	linker
L	0.3629	0.7336	model_4	2b9h	linker
N	1.4939	0.7177	model_4	2b9h	linker
L	0.8374	0.7193	model_4	2b9h	linker
H	3.09	0.5271	model_4	2b9h	linker
P	-1.0	0.5176	model_4	2b9h	linker
D	-1.0	0.41409999999999997	model_4	2b9h	linker
R	7.0455	0.48219999999999996	model_3	2b9h	linker
R	11.0321	0.5468999999999999	model_3	2b9h	linker
N	7.16	0.5305	model_3	2b9h	linker
L	8.8706	0.6409999999999999	model_3	2b9h	linker
K	10.5001	0.5785	model_3	2b9h	linker
G	8.3164	0.7166	model_3	2b9h	linker
L	7.7311	0.7611	model_3	2b9h	linker
N	8.6424	0.7865000000000001	model_3	2b9h	linker
L	4.5029	0.7928000000000001	model_3	2b9h	linker
N	6.9201	0.7195	model_3	2b9h	linker
L	5.7563	0.6139	model_3	2b9h	linker
H	7.5639	0.5275	model_3	2b9h	linker
P	-1.0	0.48	model_3	2b9h	linker
D	-1.0	0.3642	model_3	2b9h	linker
R	7.6786	0.5085999999999999	model_2	2b9h	linker
R	10.8454	0.6127	model_2	2b9h	linker
N	7.4882	0.5899	model_2	2b9h	linker
L	8.8657	0.6696	model_2	2b9h	linker
K	10.2667	0.6122	model_2	2b9h	linker
G	8.3908	0.6431999999999999	model_2	2b9h	linker
L	7.9404	0.7318000000000001	model_2	2b9h	linker
N	8.8224	0.7576999999999999	model_2	2b9h	linker
L	5.0777	0.7556999999999999	model_2	2b9h	linker
N	6.8396	0.647	model_2	2b9h	linker
L	6.2406	0.5648	model_2	2b9h	linker
H	7.6354	0.4904	model_2	2b9h	linker
P	-1.0	0.4082	model_2	2b9h	linker
D	-1.0	0.33840000000000003	model_2	2b9h	linker
G	-1.0	0.354	model_4	1ou8	linker
R	-1.0	0.38539999999999996	model_4	1ou8	linker
H	-1.0	0.36920000000000003	model_4	1ou8	linker
G	20.1118	0.3221	model_4	1ou8	linker
A	19.066	0.37549999999999994	model_4	1ou8	linker
A	17.4092	0.3935	model_4	1ou8	linker
N	16.6974	0.3712	model_4	1ou8	linker
D	11.9409	0.4139	model_4	1ou8	linker
E	11.5151	0.4107	model_4	1ou8	linker
N	9.1019	0.3875	model_4	1ou8	linker
Y	15.0147	0.44079999999999997	model_4	1ou8	linker
G	-1.0	0.4269	model_3	1ou8	linker
R	-1.0	0.3766	model_3	1ou8	linker
H	-1.0	0.38909999999999995	model_3	1ou8	linker
G	44.9226	0.3096	model_3	1ou8	linker
A	45.283	0.4219	model_3	1ou8	linker
A	47.3657	0.3829	model_3	1ou8	linker
N	46.4679	0.382	model_3	1ou8	linker
D	44.3798	0.3751	model_3	1ou8	linker
E	36.3246	0.3691	model_3	1ou8	linker
N	36.513	0.44380000000000003	model_3	1ou8	linker
Y	41.5208	0.519	model_3	1ou8	linker
G	-1.0	0.4143	model_2	1ou8	linker
R	-1.0	0.3932	model_2	1ou8	linker
H	-1.0	0.47130000000000005	model_2	1ou8	linker
G	39.6727	0.3651	model_2	1ou8	linker
A	40.6634	0.418	model_2	1ou8	linker
A	41.4005	0.40619999999999995	model_2	1ou8	linker
N	39.1058	0.4758	model_2	1ou8	linker
D	39.2235	0.43229999999999996	model_2	1ou8	linker
E	31.5876	0.40990000000000004	model_2	1ou8	linker
N	32.1994	0.5025999999999999	model_2	1ou8	linker
Y	36.6026	0.485	model_2	1ou8	linker
G	-1.0	0.3722	model_1	1ou8	linker
R	-1.0	0.4556	model_1	1ou8	linker
H	-1.0	0.4517	model_1	1ou8	linker
G	15.6946	0.4057	model_1	1ou8	linker
A	13.6958	0.4167	model_1	1ou8	linker
A	13.0395	0.5128	model_1	1ou8	linker
N	9.0692	0.5748	model_1	1ou8	linker
D	6.0121	0.6970000000000001	model_1	1ou8	linker
E	6.3428	0.6955	model_1	1ou8	linker
N	9.5331	0.8151999999999999	model_1	1ou8	linker
Y	13.9326	0.6517000000000001	model_1	1ou8	linker
G	-1.0	0.3333	model_5	1ou8	linker
R	-1.0	0.3519	model_5	1ou8	linker
H	-1.0	0.39189999999999997	model_5	1ou8	linker
G	18.5978	0.34619999999999995	model_5	1ou8	linker
A	14.6776	0.4305	model_5	1ou8	linker
A	13.5395	0.4506	model_5	1ou8	linker
N	9.8435	0.4877	model_5	1ou8	linker
D	6.7322	0.5774	model_5	1ou8	linker
E	6.4541	0.6546	model_5	1ou8	linker
N	9.5764	0.7689	model_5	1ou8	linker
Y	13.6327	0.6053000000000001	model_5	1ou8	linker
R	4.9477	0.462	model_5	2b9h	sep
R	6.5505	0.4347	model_5	2b9h	sep
N	6.4044	0.43119999999999997	model_5	2b9h	sep
L	6.2264	0.48460000000000003	model_5	2b9h	sep
K	8.6759	0.46140000000000003	model_5	2b9h	sep
G	2.2486	0.5468	model_5	2b9h	sep
L	1.1923	0.6156	model_5	2b9h	sep
N	2.0988	0.7121	model_5	2b9h	sep
L	0.4513	0.6984	model_5	2b9h	sep
N	0.7567	0.6817	model_5	2b9h	sep
L	0.8879	0.6201	model_5	2b9h	sep
H	2.756	0.4864	model_5	2b9h	sep
P	-1.0	0.4783	model_5	2b9h	sep
D	-1.0	0.4008	model_5	2b9h	sep
R	5.1998	0.4515	model_1	2b9h	sep
R	5.3642	0.4694	model_1	2b9h	sep
N	6.9037	0.4138	model_1	2b9h	sep
L	5.7099	0.5401	model_1	2b9h	sep
K	8.3863	0.484	model_1	2b9h	sep
G	2.4356	0.5884	model_1	2b9h	sep
L	0.8892	0.6906	model_1	2b9h	sep
N	2.1178	0.7378	model_1	2b9h	sep
L	0.3953	0.7373999999999999	model_1	2b9h	sep
N	0.6519	0.7365999999999999	model_1	2b9h	sep
L	0.9785	0.7278	model_1	2b9h	sep
H	2.8163	0.5718	model_1	2b9h	sep
P	-1.0	0.5212	model_1	2b9h	sep
D	-1.0	0.447	model_1	2b9h	sep
R	4.928	0.4727	model_4	2b9h	sep
R	7.941	0.4218	model_4	2b9h	sep
N	6.5606	0.4353	model_4	2b9h	sep
L	5.8244	0.5083	model_4	2b9h	sep
K	8.8808	0.4414	model_4	2b9h	sep
G	1.7363	0.5846	model_4	2b9h	sep
L	0.7926	0.6685	model_4	2b9h	sep
N	2.0873	0.7439	model_4	2b9h	sep
L	0.343	0.7121999999999999	model_4	2b9h	sep
N	1.5641	0.6888	model_4	2b9h	sep
L	0.7062	0.672	model_4	2b9h	sep
H	2.3522	0.5141	model_4	2b9h	sep
P	-1.0	0.5067	model_4	2b9h	sep
D	-1.0	0.4432	model_4	2b9h	sep
R	4.8908	0.4637	model_3	2b9h	sep
R	6.5157	0.4216	model_3	2b9h	sep
N	6.8665	0.4057	model_3	2b9h	sep
L	5.914	0.5111	model_3	2b9h	sep
K	9.2595	0.45	model_3	2b9h	sep
G	2.1558	0.5726	model_3	2b9h	sep
L	0.9172	0.665	model_3	2b9h	sep
N	2.1931	0.7513	model_3	2b9h	sep
L	0.415	0.7481	model_3	2b9h	sep
N	0.748	0.7192000000000001	model_3	2b9h	sep
L	1.0063	0.6612	model_3	2b9h	sep
H	2.9419	0.5013000000000001	model_3	2b9h	sep
P	-1.0	0.4526	model_3	2b9h	sep
D	-1.0	0.3716	model_3	2b9h	sep
R	4.7391	0.4594	model_2	2b9h	sep
R	8.1924	0.436	model_2	2b9h	sep
N	6.4936	0.4836	model_2	2b9h	sep
L	5.7336	0.5342	model_2	2b9h	sep
K	7.7051	0.4703	model_2	2b9h	sep
G	2.757	0.594	model_2	2b9h	sep
L	1.154	0.7184999999999999	model_2	2b9h	sep
N	2.2529	0.7573000000000001	model_2	2b9h	sep
L	0.491	0.7399	model_2	2b9h	sep
N	0.8986	0.7359	model_2	2b9h	sep
L	1.5139	0.7231000000000001	model_2	2b9h	sep
H	4.1714	0.5422	model_2	2b9h	sep
P	-1.0	0.4794	model_2	2b9h	sep
D	-1.0	0.3757	model_2	2b9h	sep
H	8.4812	0.3547	model_2	1er8	sep
P	8.6315	0.37729999999999997	model_2	1er8	sep
F	10.3858	0.4829	model_2	1er8	sep
H	9.463	0.5313	model_2	1er8	sep
L	10.2585	0.5982	model_2	1er8	sep
L	9.7774	0.6459	model_2	1er8	sep
V	9.1559	0.6794	model_2	1er8	sep
Y	11.581	0.644	model_2	1er8	sep
H	6.9214	0.484	model_5	1er8	sep
P	4.1069	0.5487	model_5	1er8	sep
F	7.3145	0.7001000000000001	model_5	1er8	sep
H	6.7081	0.7768999999999999	model_5	1er8	sep
L	6.4285	0.8458	model_5	1er8	sep
L	6.2505	0.8604999999999999	model_5	1er8	sep
V	4.7716	0.8253	model_5	1er8	sep
Y	7.6763	0.7559999999999999	model_5	1er8	sep
H	8.3	0.4736	model_4	1er8	sep
P	3.8228	0.6054999999999999	model_4	1er8	sep
F	7.4195	0.7387	model_4	1er8	sep
H	6.909	0.7936	model_4	1er8	sep
L	6.3583	0.8533	model_4	1er8	sep
L	6.2933	0.8631	model_4	1er8	sep
V	4.8154	0.8351000000000001	model_4	1er8	sep
Y	7.6002	0.7801	model_4	1er8	sep
H	7.9544	0.3295	model_1	1er8	sep
P	8.61	0.4008	model_1	1er8	sep
F	10.6392	0.5071	model_1	1er8	sep
H	9.2912	0.5421	model_1	1er8	sep
L	10.5538	0.6022	model_1	1er8	sep
L	10.1749	0.6539	model_1	1er8	sep
V	9.1581	0.7017	model_1	1er8	sep
Y	12.052	0.6137	model_1	1er8	sep
H	8.7544	0.34090000000000004	model_3	1er8	sep
P	8.7198	0.45299999999999996	model_3	1er8	sep
F	10.5371	0.5396	model_3	1er8	sep
H	8.0955	0.6099	model_3	1er8	sep
L	10.4402	0.7625	model_3	1er8	sep
L	9.8485	0.8084	model_3	1er8	sep
V	8.8113	0.8569	model_3	1er8	sep
Y	11.9537	0.8190000000000001	model_3	1er8	sep
A	-1.0	0.7426	model_2	2fmf	linker
S	-1.0	0.8486	model_2	2fmf	linker
Q	10.7231	0.8693000000000001	model_2	2fmf	linker
D	9.3812	0.8543999999999999	model_2	2fmf	linker
Q	7.6087	0.8708	model_2	2fmf	linker
V	4.8743	0.8643000000000001	model_2	2fmf	linker
D	6.0155	0.8695999999999999	model_2	2fmf	linker
D	3.3591	0.8832	model_2	2fmf	linker
L	1.3248	0.8656999999999999	model_2	2fmf	linker
L	3.8066	0.8589	model_2	2fmf	linker
D	3.4755	0.8687	model_2	2fmf	linker
S	3.4338	0.8732	model_2	2fmf	linker
L	4.7977	0.8371	model_2	2fmf	linker
G	6.9382	0.8111	model_2	2fmf	linker
F	6.5115	0.7240000000000001	model_2	2fmf	linker
A	-1.0	0.6328	model_5	2fmf	linker
S	-1.0	0.738	model_5	2fmf	linker
Q	13.7786	0.6956	model_5	2fmf	linker
D	13.03	0.7622	model_5	2fmf	linker
Q	12.2904	0.7413	model_5	2fmf	linker
V	9.9546	0.6876000000000001	model_5	2fmf	linker
D	9.6718	0.7615999999999999	model_5	2fmf	linker
D	9.1885	0.7953	model_5	2fmf	linker
L	7.2469	0.7369	model_5	2fmf	linker
L	5.7077	0.7567	model_5	2fmf	linker
D	5.3959	0.7824	model_5	2fmf	linker
S	5.1954	0.6831	model_5	2fmf	linker
L	3.734	0.6818000000000001	model_5	2fmf	linker
G	1.6758	0.6672	model_5	2fmf	linker
F	2.9116	0.6531	model_5	2fmf	linker
A	-1.0	0.8656	model_3	2fmf	linker
S	-1.0	0.9168000000000001	model_3	2fmf	linker
Q	10.4124	0.9361	model_3	2fmf	linker
D	9.0936	0.9284	model_3	2fmf	linker
Q	7.1186	0.9334	model_3	2fmf	linker
V	4.8011	0.9349	model_3	2fmf	linker
D	5.9804	0.9308	model_3	2fmf	linker
D	3.218	0.9367	model_3	2fmf	linker
L	1.121	0.9216	model_3	2fmf	linker
L	3.9562	0.9157	model_3	2fmf	linker
D	3.5655	0.9097	model_3	2fmf	linker
S	3.0761	0.9098	model_3	2fmf	linker
L	4.236	0.8784000000000001	model_3	2fmf	linker
G	6.4673	0.8366	model_3	2fmf	linker
F	6.1462	0.708	model_3	2fmf	linker
A	-1.0	0.7628	model_1	2fmf	linker
S	-1.0	0.8406	model_1	2fmf	linker
Q	10.5684	0.8614	model_1	2fmf	linker
D	9.1764	0.8552	model_1	2fmf	linker
Q	7.3518	0.8615	model_1	2fmf	linker
V	4.9791	0.8623000000000001	model_1	2fmf	linker
D	5.996	0.8715999999999999	model_1	2fmf	linker
D	3.3685	0.8808	model_1	2fmf	linker
L	1.2296	0.8617	model_1	2fmf	linker
L	3.7304	0.8565999999999999	model_1	2fmf	linker
D	3.2213	0.8592	model_1	2fmf	linker
S	2.8659	0.8632	model_1	2fmf	linker
L	3.9084	0.8244	model_1	2fmf	linker
G	6.1124	0.7703	model_1	2fmf	linker
F	5.7201	0.6635	model_1	2fmf	linker
A	-1.0	0.6740999999999999	model_4	2fmf	linker
S	-1.0	0.7748	model_4	2fmf	linker
Q	18.7234	0.7767000000000001	model_4	2fmf	linker
D	18.1241	0.8199	model_4	2fmf	linker
Q	16.4448	0.7837000000000001	model_4	2fmf	linker
V	12.0604	0.7636	model_4	2fmf	linker
D	12.3015	0.8273999999999999	model_4	2fmf	linker
D	10.9756	0.835	model_4	2fmf	linker
L	7.7478	0.7859999999999999	model_4	2fmf	linker
L	5.5881	0.7848999999999999	model_4	2fmf	linker
D	4.9798	0.8266	model_4	2fmf	linker
S	5.4885	0.7705	model_4	2fmf	linker
L	4.0491	0.7592	model_4	2fmf	linker
G	4.8858	0.73	model_4	2fmf	linker
F	6.8238	0.6417	model_4	2fmf	linker
E	25.3081	0.2824	model_3	1u00	linker
L	20.5988	0.2938	model_3	1u00	linker
P	15.7851	0.2738	model_3	1u00	linker
P	9.4818	0.3398	model_3	1u00	linker
V	5.1617	0.4028	model_3	1u00	linker
K	7.9192	0.461	model_3	1u00	linker
I	10.5912	0.38060000000000005	model_3	1u00	linker
H	18.235	0.3614	model_3	1u00	linker
C	21.0678	0.38530000000000003	model_3	1u00	linker
E	39.8727	0.2846	model_5	1u00	linker
L	31.7149	0.28059999999999996	model_5	1u00	linker
P	27.9759	0.29719999999999996	model_5	1u00	linker
P	25.6336	0.2777	model_5	1u00	linker
V	19.8102	0.316	model_5	1u00	linker
K	16.5394	0.295	model_5	1u00	linker
I	17.7203	0.31379999999999997	model_5	1u00	linker
H	14.6529	0.3782	model_5	1u00	linker
C	19.7381	0.34340000000000004	model_5	1u00	linker
E	7.1493	0.6966	model_4	1u00	linker
L	6.1769	0.7039	model_4	1u00	linker
P	4.879	0.7664	model_4	1u00	linker
P	4.9931	0.8186	model_4	1u00	linker
V	5.6936	0.7866	model_4	1u00	linker
K	7.1722	0.7665000000000001	model_4	1u00	linker
I	6.8942	0.6353	model_4	1u00	linker
H	4.276	0.49119999999999997	model_4	1u00	linker
C	5.1514	0.38780000000000003	model_4	1u00	linker
E	25.0564	0.3098	model_1	1u00	linker
L	20.0909	0.3601	model_1	1u00	linker
P	15.3265	0.33899999999999997	model_1	1u00	linker
P	9.3264	0.4067	model_1	1u00	linker
V	4.8312	0.4918	model_1	1u00	linker
K	7.9854	0.4721	model_1	1u00	linker
I	11.0798	0.4661	model_1	1u00	linker
H	19.0455	0.4567	model_1	1u00	linker
C	22.1158	0.4174	model_1	1u00	linker
E	29.8123	0.2698	model_2	1u00	linker
L	21.9152	0.3161	model_2	1u00	linker
P	20.7053	0.3029	model_2	1u00	linker
P	18.0139	0.2889	model_2	1u00	linker
V	10.3088	0.28850000000000003	model_2	1u00	linker
K	14.961	0.2486	model_2	1u00	linker
I	11.6185	0.2596	model_2	1u00	linker
H	18.0611	0.29510000000000003	model_2	1u00	linker
C	20.4492	0.3452	model_2	1u00	linker
A	-1.0	0.6472	model_2	2ds8	sep
P	-1.0	0.7753	model_2	2ds8	sep
A	1.771	0.8767	model_2	2ds8	sep
L	1.1484	0.9151	model_2	2ds8	sep
R	4.0941	0.9285	model_2	2ds8	sep
V	1.4828	0.9218000000000001	model_2	2ds8	sep
V	1.5245	0.9107	model_2	2ds8	sep
K	1.3962	0.8653	model_2	2ds8	sep
A	-1.0	0.7095	model_3	2ds8	sep
P	-1.0	0.8314	model_3	2ds8	sep
A	1.6552	0.9072	model_3	2ds8	sep
L	1.0922	0.941	model_3	2ds8	sep
R	4.4911	0.9442	model_3	2ds8	sep
V	1.5484	0.9419	model_3	2ds8	sep
V	1.5874	0.9281	model_3	2ds8	sep
K	0.9186	0.8861	model_3	2ds8	sep
A	-1.0	0.6367	model_5	2ds8	sep
P	-1.0	0.8065000000000001	model_5	2ds8	sep
A	1.7798	0.8934000000000001	model_5	2ds8	sep
L	0.8098	0.9209999999999999	model_5	2ds8	sep
R	3.1357	0.9187000000000001	model_5	2ds8	sep
V	1.2949	0.9140999999999999	model_5	2ds8	sep
V	1.4917	0.8979	model_5	2ds8	sep
K	1.0263	0.8521	model_5	2ds8	sep
A	-1.0	0.6315999999999999	model_4	2ds8	sep
P	-1.0	0.7979	model_4	2ds8	sep
A	1.7104	0.8917	model_4	2ds8	sep
L	1.192	0.9394	model_4	2ds8	sep
R	2.0659	0.9372	model_4	2ds8	sep
V	1.4522	0.9440000000000001	model_4	2ds8	sep
V	1.6655	0.9274	model_4	2ds8	sep
K	1.1141	0.8956000000000001	model_4	2ds8	sep
A	-1.0	0.6221	model_1	2ds8	sep
P	-1.0	0.7598999999999999	model_1	2ds8	sep
A	1.6954	0.8829	model_1	2ds8	sep
L	1.0385	0.9214	model_1	2ds8	sep
R	2.2487	0.9372	model_1	2ds8	sep
V	1.3672	0.9315000000000001	model_1	2ds8	sep
V	1.5967	0.919	model_1	2ds8	sep
K	1.2115	0.8841	model_1	2ds8	sep
H	16.4613	0.3739	model_3	1awr	linker
A	12.0031	0.436	model_3	1awr	linker
G	7.5021	0.5315	model_3	1awr	linker
P	6.6064	0.6175	model_3	1awr	linker
I	6.3297	0.7315	model_3	1awr	linker
A	12.6256	0.5842	model_3	1awr	linker
H	6.9645	0.3483	model_4	1awr	linker
A	7.3555	0.382	model_4	1awr	linker
G	6.5647	0.4413	model_4	1awr	linker
P	6.9753	0.47509999999999997	model_4	1awr	linker
I	5.0501	0.5337	model_4	1awr	linker
A	7.4834	0.4179	model_4	1awr	linker
H	7.1048	0.3236	model_1	1awr	linker
A	6.4585	0.418	model_1	1awr	linker
G	6.2073	0.45640000000000003	model_1	1awr	linker
P	7.1773	0.4704	model_1	1awr	linker
I	5.0614	0.541	model_1	1awr	linker
A	6.762	0.44909999999999994	model_1	1awr	linker
H	7.2877	0.35600000000000004	model_5	1awr	linker
A	6.6369	0.44229999999999997	model_5	1awr	linker
G	6.1208	0.41229999999999994	model_5	1awr	linker
P	7.1424	0.45299999999999996	model_5	1awr	linker
I	4.7281	0.5214	model_5	1awr	linker
A	8.0015	0.41590000000000005	model_5	1awr	linker
H	6.9359	0.32189999999999996	model_2	1awr	linker
A	6.4909	0.39270000000000005	model_2	1awr	linker
G	6.1347	0.42200000000000004	model_2	1awr	linker
P	7.1415	0.43560000000000004	model_2	1awr	linker
I	5.1006	0.5564	model_2	1awr	linker
A	6.4687	0.4424	model_2	1awr	linker
K	7.0287	0.6123	model_4	2c3i	sep
R	1.4559	0.8025	model_4	2c3i	sep
R	1.3209	0.8623000000000001	model_4	2c3i	sep
R	0.4505	0.8563	model_4	2c3i	sep
H	1.1955	0.8215	model_4	2c3i	sep
P	0.8815	0.7451000000000001	model_4	2c3i	sep
S	0.5754	0.7243999999999999	model_4	2c3i	sep
G	2.4968	0.5982999999999999	model_4	2c3i	sep
K	7.0459	0.6297	model_3	2c3i	sep
R	1.5099	0.8249	model_3	2c3i	sep
R	1.1762	0.8721	model_3	2c3i	sep
R	0.5344	0.8683	model_3	2c3i	sep
H	1.1948	0.8323999999999999	model_3	2c3i	sep
P	0.6705	0.779	model_3	2c3i	sep
S	0.6245	0.7674	model_3	2c3i	sep
G	2.6885	0.6633	model_3	2c3i	sep
K	7.4319	0.654	model_2	2c3i	sep
R	1.5299	0.8445	model_2	2c3i	sep
R	1.4045	0.8737	model_2	2c3i	sep
R	0.6013	0.8597	model_2	2c3i	sep
H	1.2203	0.8382999999999999	model_2	2c3i	sep
P	0.7652	0.7681999999999999	model_2	2c3i	sep
S	0.7705	0.7284999999999999	model_2	2c3i	sep
G	2.7922	0.6111	model_2	2c3i	sep
K	5.5392	0.3626	model_5	2c3i	sep
R	9.9386	0.293	model_5	2c3i	sep
R	5.785	0.39390000000000003	model_5	2c3i	sep
R	13.0212	0.2983	model_5	2c3i	sep
H	10.8581	0.2823	model_5	2c3i	sep
P	13.7666	0.3261	model_5	2c3i	sep
S	19.7268	0.3125	model_5	2c3i	sep
G	18.4472	0.3175	model_5	2c3i	sep
K	7.305	0.6525	model_1	2c3i	sep
R	1.5614	0.8415	model_1	2c3i	sep
R	3.5543	0.868	model_1	2c3i	sep
R	0.5448	0.8533	model_1	2c3i	sep
H	1.2098	0.8408	model_1	2c3i	sep
P	0.6041	0.7956	model_1	2c3i	sep
S	0.8192	0.7559999999999999	model_1	2c3i	sep
G	2.6183	0.6759000000000001	model_1	2c3i	sep
D	3.1702	0.7259	model_2	1nx1	linker
A	1.865	0.7065	model_2	1nx1	linker
I	2.5297	0.7006	model_2	1nx1	linker
D	2.9968	0.7592	model_2	1nx1	linker
A	2.3635	0.7792	model_2	1nx1	linker
L	2.072	0.7515999999999999	model_2	1nx1	linker
S	2.202	0.7073999999999999	model_2	1nx1	linker
S	2.3806	0.7706999999999999	model_2	1nx1	linker
D	2.1894	0.7443000000000001	model_2	1nx1	linker
F	2.2857	0.7012999999999999	model_2	1nx1	linker
T	6.4359	0.6564	model_2	1nx1	linker
D	1.8829	0.867	model_4	1nx1	linker
A	0.5665	0.8946999999999999	model_4	1nx1	linker
I	0.6319	0.9201	model_4	1nx1	linker
D	1.1243	0.9103	model_4	1nx1	linker
A	0.8025	0.9185	model_4	1nx1	linker
L	0.5626	0.9128000000000001	model_4	1nx1	linker
S	1.3382	0.9193000000000001	model_4	1nx1	linker
S	0.8071	0.9257	model_4	1nx1	linker
D	0.7677	0.892	model_4	1nx1	linker
F	0.8966	0.875	model_4	1nx1	linker
T	5.268	0.8181	model_4	1nx1	linker
D	3.5636	0.7165	model_3	1nx1	linker
A	2.0595	0.705	model_3	1nx1	linker
I	2.793	0.7034999999999999	model_3	1nx1	linker
D	3.3687	0.7486	model_3	1nx1	linker
A	2.5007	0.7722	model_3	1nx1	linker
L	2.1209	0.7476	model_3	1nx1	linker
S	2.6315	0.7021	model_3	1nx1	linker
S	2.6409	0.7459	model_3	1nx1	linker
D	2.4738	0.6954	model_3	1nx1	linker
F	2.4847	0.6533	model_3	1nx1	linker
T	6.2296	0.588	model_3	1nx1	linker
D	2.9323	0.7176	model_1	1nx1	linker
A	1.6849	0.7073	model_1	1nx1	linker
I	2.3614	0.6673	model_1	1nx1	linker
D	2.8128	0.7376999999999999	model_1	1nx1	linker
A	2.1389	0.7761	model_1	1nx1	linker
L	1.8341	0.7481	model_1	1nx1	linker
S	2.0352	0.6794	model_1	1nx1	linker
S	2.2404	0.7418	model_1	1nx1	linker
D	2.0798	0.7091	model_1	1nx1	linker
F	2.128	0.6664	model_1	1nx1	linker
T	6.3543	0.609	model_1	1nx1	linker
D	3.9198	0.8367	model_5	1nx1	linker
A	2.4129	0.8662000000000001	model_5	1nx1	linker
I	3.1203	0.8825	model_5	1nx1	linker
D	3.8818	0.8805	model_5	1nx1	linker
A	2.8594	0.8920999999999999	model_5	1nx1	linker
L	2.2754	0.8683	model_5	1nx1	linker
S	2.9575	0.8564	model_5	1nx1	linker
S	3.0357	0.8674	model_5	1nx1	linker
D	2.5051	0.8178	model_5	1nx1	linker
F	2.3821	0.7979999999999999	model_5	1nx1	linker
T	6.5386	0.6931999999999999	model_5	1nx1	linker
G	30.1309	0.2867	model_5	2o02	sep
H	26.103	0.2979	model_5	2o02	sep
G	26.5331	0.2707	model_5	2o02	sep
Q	27.5113	0.2872	model_5	2o02	sep
G	19.8908	0.2647	model_5	2o02	sep
L	18.8897	0.3059	model_5	2o02	sep
L	15.7581	0.36590000000000006	model_5	2o02	sep
D	10.9666	0.37479999999999997	model_5	2o02	sep
A	12.4255	0.35240000000000005	model_5	2o02	sep
L	10.1227	0.4057	model_5	2o02	sep
D	4.1727	0.46840000000000004	model_5	2o02	sep
L	5.3099	0.4138	model_5	2o02	sep
A	8.0748	0.34600000000000003	model_5	2o02	sep
S	13.611	0.37200000000000005	model_5	2o02	sep
G	30.7046	0.2902	model_3	2o02	sep
H	26.8855	0.331	model_3	2o02	sep
G	26.7849	0.3155	model_3	2o02	sep
Q	27.3643	0.3329	model_3	2o02	sep
G	20.6179	0.2944	model_3	2o02	sep
L	19.2771	0.37579999999999997	model_3	2o02	sep
L	15.4976	0.4179	model_3	2o02	sep
D	11.6622	0.4003	model_3	2o02	sep
A	12.6871	0.38909999999999995	model_3	2o02	sep
L	10.0039	0.4307	model_3	2o02	sep
D	4.7891	0.46090000000000003	model_3	2o02	sep
L	5.7048	0.40590000000000004	model_3	2o02	sep
A	6.8622	0.36469999999999997	model_3	2o02	sep
S	11.1809	0.3812	model_3	2o02	sep
G	32.3113	0.2801	model_2	2o02	sep
H	27.7135	0.2879	model_2	2o02	sep
G	27.7556	0.2805	model_2	2o02	sep
Q	29.2547	0.3106	model_2	2o02	sep
G	21.9321	0.2837	model_2	2o02	sep
L	20.1319	0.30670000000000003	model_2	2o02	sep
L	16.6463	0.3386	model_2	2o02	sep
D	13.4107	0.3483	model_2	2o02	sep
A	13.7704	0.306	model_2	2o02	sep
L	10.8944	0.4011	model_2	2o02	sep
D	5.7492	0.40659999999999996	model_2	2o02	sep
L	7.866	0.3357	model_2	2o02	sep
A	7.1845	0.3015	model_2	2o02	sep
S	8.3012	0.35619999999999996	model_2	2o02	sep
G	32.5057	0.3188	model_1	2o02	sep
H	27.8879	0.317	model_1	2o02	sep
G	27.7706	0.3175	model_1	2o02	sep
Q	29.3685	0.3336	model_1	2o02	sep
G	21.9337	0.3132	model_1	2o02	sep
L	19.8485	0.33840000000000003	model_1	2o02	sep
L	16.6488	0.35840000000000005	model_1	2o02	sep
D	13.174	0.3746	model_1	2o02	sep
A	13.6229	0.33	model_1	2o02	sep
L	10.7391	0.4313	model_1	2o02	sep
D	5.7478	0.4464	model_1	2o02	sep
L	7.8042	0.35229999999999995	model_1	2o02	sep
A	7.1277	0.3172	model_1	2o02	sep
S	8.4353	0.3664	model_1	2o02	sep
G	7.9213	0.3759	model_4	2o02	sep
H	5.4644	0.40549999999999997	model_4	2o02	sep
G	4.0301	0.377	model_4	2o02	sep
Q	8.3963	0.4561	model_4	2o02	sep
G	6.9617	0.3872	model_4	2o02	sep
L	7.235	0.4078	model_4	2o02	sep
L	5.1998	0.4475	model_4	2o02	sep
D	6.9546	0.43920000000000003	model_4	2o02	sep
A	9.0445	0.42969999999999997	model_4	2o02	sep
L	9.3942	0.457	model_4	2o02	sep
D	5.9816	0.4678	model_4	2o02	sep
L	5.7067	0.4299	model_4	2o02	sep
A	6.0882	0.34759999999999996	model_4	2o02	sep
S	6.3608	0.3264	model_4	2o02	sep
A	29.8491	0.2466	model_2	1nvr	linker
S	34.0085	0.2879	model_2	1nvr	linker
V	30.5276	0.2371	model_2	1nvr	linker
S	35.6949	0.2377	model_2	1nvr	linker
A	35.7359	0.3328	model_2	1nvr	linker
A	61.7797	0.3797	model_4	1nvr	linker
S	62.9796	0.33899999999999997	model_4	1nvr	linker
V	59.8724	0.4014	model_4	1nvr	linker
S	60.8359	0.3489	model_4	1nvr	linker
A	58.7823	0.5125	model_4	1nvr	linker
A	33.4643	0.2964	model_3	1nvr	linker
S	32.9461	0.2525	model_3	1nvr	linker
V	30.4686	0.2404	model_3	1nvr	linker
S	31.5926	0.2619	model_3	1nvr	linker
A	28.79	0.2821	model_3	1nvr	linker
A	27.0155	0.2591	model_1	1nvr	linker
S	30.8935	0.28350000000000003	model_1	1nvr	linker
V	27.6597	0.2373	model_1	1nvr	linker
S	31.2421	0.2535	model_1	1nvr	linker
A	29.95	0.3326	model_1	1nvr	linker
A	65.8992	0.3246	model_5	1nvr	linker
S	68.3705	0.33799999999999997	model_5	1nvr	linker
V	67.7228	0.3576	model_5	1nvr	linker
S	68.7251	0.28	model_5	1nvr	linker
A	68.0216	0.4371	model_5	1nvr	linker
D	42.3704	0.5373	model_3	2hpl	sep
D	34.8163	0.6297	model_3	2hpl	sep
L	36.1852	0.669	model_3	2hpl	sep
Y	30.2038	0.6703	model_3	2hpl	sep
G	30.1091	0.5665	model_3	2hpl	sep
D	48.7144	0.5959	model_5	2hpl	sep
D	40.62	0.6254	model_5	2hpl	sep
L	36.5568	0.7226	model_5	2hpl	sep
Y	31.1027	0.7349	model_5	2hpl	sep
G	29.5354	0.6409	model_5	2hpl	sep
D	50.2777	0.5948	model_2	2hpl	sep
D	43.0711	0.7193999999999999	model_2	2hpl	sep
L	37.9142	0.6849	model_2	2hpl	sep
Y	33.5813	0.6593000000000001	model_2	2hpl	sep
G	38.2591	0.5587	model_2	2hpl	sep
D	48.3524	0.628	model_1	2hpl	sep
D	40.7831	0.6804000000000001	model_1	2hpl	sep
L	37.652	0.7524	model_1	2hpl	sep
Y	32.1064	0.7208	model_1	2hpl	sep
G	31.3619	0.6086	model_1	2hpl	sep
D	40.6382	0.5755	model_4	2hpl	sep
D	33.4443	0.6970999999999999	model_4	2hpl	sep
L	35.7855	0.7295	model_4	2hpl	sep
Y	27.687	0.5435	model_4	2hpl	sep
G	31.0423	0.5493	model_4	2hpl	sep
A	17.1568	0.2475	model_3	2h9m	linker
R	21.9202	0.2175	model_3	2h9m	linker
T	11.1259	0.2443	model_3	2h9m	linker
K	8.208	0.2432	model_3	2h9m	linker
Q	7.2846	0.24719999999999998	model_3	2h9m	linker
T	-1.0	0.3283	model_3	2h9m	linker
A	-1.0	0.34590000000000004	model_3	2h9m	linker
R	-1.0	0.423	model_3	2h9m	linker
K	-1.0	0.3114	model_3	2h9m	linker
S	-1.0	0.3543	model_3	2h9m	linker
T	-1.0	0.295	model_3	2h9m	linker
A	16.4615	0.20809999999999998	model_5	2h9m	linker
R	21.1996	0.2059	model_5	2h9m	linker
T	10.9602	0.2014	model_5	2h9m	linker
K	8.0954	0.2263	model_5	2h9m	linker
Q	10.2985	0.2737	model_5	2h9m	linker
T	-1.0	0.36219999999999997	model_5	2h9m	linker
A	-1.0	0.3381	model_5	2h9m	linker
R	-1.0	0.4515	model_5	2h9m	linker
K	-1.0	0.33549999999999996	model_5	2h9m	linker
S	-1.0	0.313	model_5	2h9m	linker
T	-1.0	0.2805	model_5	2h9m	linker
A	18.0753	0.2415	model_1	2h9m	linker
R	23.1516	0.2305	model_1	2h9m	linker
T	13.2326	0.27390000000000003	model_1	2h9m	linker
K	9.6519	0.2799	model_1	2h9m	linker
Q	9.3608	0.26789999999999997	model_1	2h9m	linker
T	-1.0	0.2808	model_1	2h9m	linker
A	-1.0	0.304	model_1	2h9m	linker
R	-1.0	0.3934	model_1	2h9m	linker
K	-1.0	0.2742	model_1	2h9m	linker
S	-1.0	0.3077	model_1	2h9m	linker
T	-1.0	0.2811	model_1	2h9m	linker
A	8.4114	0.26	model_4	2h9m	linker
R	16.1221	0.2465	model_4	2h9m	linker
T	4.9828	0.2868	model_4	2h9m	linker
K	4.8229	0.2896	model_4	2h9m	linker
Q	5.8891	0.36920000000000003	model_4	2h9m	linker
T	-1.0	0.266	model_4	2h9m	linker
A	-1.0	0.295	model_4	2h9m	linker
R	-1.0	0.237	model_4	2h9m	linker
K	-1.0	0.217	model_4	2h9m	linker
S	-1.0	0.2267	model_4	2h9m	linker
T	-1.0	0.2581	model_4	2h9m	linker
A	18.2961	0.21710000000000002	model_2	2h9m	linker
R	22.075	0.21	model_2	2h9m	linker
T	13.249	0.22820000000000001	model_2	2h9m	linker
K	10.4362	0.2327	model_2	2h9m	linker
Q	12.7217	0.24670000000000003	model_2	2h9m	linker
T	-1.0	0.26039999999999996	model_2	2h9m	linker
A	-1.0	0.28190000000000004	model_2	2h9m	linker
R	-1.0	0.379	model_2	2h9m	linker
K	-1.0	0.2521	model_2	2h9m	linker
S	-1.0	0.2693	model_2	2h9m	linker
T	-1.0	0.2565	model_2	2h9m	linker
T	-1.0	0.444	model_3	3d1e	sep
L	-1.0	0.3968	model_3	3d1e	sep
M	-1.0	0.3751	model_3	3d1e	sep
T	-1.0	0.4301	model_3	3d1e	sep
G	35.0861	0.5399	model_3	3d1e	sep
Q	32.2434	0.4043	model_3	3d1e	sep
L	27.5617	0.4805	model_3	3d1e	sep
G	22.8019	0.40979999999999994	model_3	3d1e	sep
L	21.9744	0.34979999999999994	model_3	3d1e	sep
F	22.1134	0.47340000000000004	model_3	3d1e	sep
T	-1.0	0.3513	model_4	3d1e	sep
L	-1.0	0.32530000000000003	model_4	3d1e	sep
M	-1.0	0.27190000000000003	model_4	3d1e	sep
T	-1.0	0.3918	model_4	3d1e	sep
G	38.5194	0.4075	model_4	3d1e	sep
Q	32.6877	0.34259999999999996	model_4	3d1e	sep
L	29.9889	0.3951	model_4	3d1e	sep
G	22.9032	0.30010000000000003	model_4	3d1e	sep
L	21.3633	0.3951	model_4	3d1e	sep
F	16.6914	0.4421	model_4	3d1e	sep
T	-1.0	0.3922	model_2	3d1e	sep
L	-1.0	0.30670000000000003	model_2	3d1e	sep
M	-1.0	0.3586	model_2	3d1e	sep
T	-1.0	0.3433	model_2	3d1e	sep
G	16.6467	0.3135	model_2	3d1e	sep
Q	17.335	0.3208	model_2	3d1e	sep
L	10.5583	0.3258	model_2	3d1e	sep
G	8.8921	0.4031	model_2	3d1e	sep
L	11.2408	0.3135	model_2	3d1e	sep
F	7.5001	0.36200000000000004	model_2	3d1e	sep
T	-1.0	0.3979	model_1	3d1e	sep
L	-1.0	0.3114	model_1	3d1e	sep
M	-1.0	0.3353	model_1	3d1e	sep
T	-1.0	0.3688	model_1	3d1e	sep
G	11.5688	0.3882	model_1	3d1e	sep
Q	14.3509	0.3371	model_1	3d1e	sep
L	7.3811	0.3661	model_1	3d1e	sep
G	7.2076	0.2913	model_1	3d1e	sep
L	6.9306	0.37420000000000003	model_1	3d1e	sep
F	6.7095	0.3642	model_1	3d1e	sep
T	-1.0	0.4048	model_5	3d1e	sep
L	-1.0	0.3729	model_5	3d1e	sep
M	-1.0	0.3789	model_5	3d1e	sep
T	-1.0	0.4805	model_5	3d1e	sep
G	23.9381	0.41490000000000005	model_5	3d1e	sep
Q	23.7738	0.35159999999999997	model_5	3d1e	sep
L	18.7838	0.3693	model_5	3d1e	sep
G	13.4515	0.3197	model_5	3d1e	sep
L	14.5093	0.34119999999999995	model_5	3d1e	sep
F	11.0777	0.3331	model_5	3d1e	sep
T	-1.0	0.3787	model_4	3d1e	linker
L	-1.0	0.4493	model_4	3d1e	linker
M	-1.0	0.5521	model_4	3d1e	linker
T	-1.0	0.5844	model_4	3d1e	linker
G	6.4983	0.5982999999999999	model_4	3d1e	linker
Q	7.5029	0.662	model_4	3d1e	linker
L	8.558	0.6068	model_4	3d1e	linker
G	6.0758	0.5907	model_4	3d1e	linker
L	5.6231	0.5303	model_4	3d1e	linker
F	3.4517	0.5438000000000001	model_4	3d1e	linker
T	-1.0	0.33740000000000003	model_1	3d1e	linker
L	-1.0	0.32420000000000004	model_1	3d1e	linker
M	-1.0	0.2991	model_1	3d1e	linker
T	-1.0	0.3347	model_1	3d1e	linker
G	7.045	0.30519999999999997	model_1	3d1e	linker
Q	10.2744	0.3048	model_1	3d1e	linker
L	5.9963	0.33509999999999995	model_1	3d1e	linker
G	6.7467	0.3116	model_1	3d1e	linker
L	7.2754	0.3215	model_1	3d1e	linker
F	2.9183	0.4061	model_1	3d1e	linker
T	-1.0	0.4771	model_3	3d1e	linker
L	-1.0	0.5571	model_3	3d1e	linker
M	-1.0	0.7234999999999999	model_3	3d1e	linker
T	-1.0	0.7382	model_3	3d1e	linker
G	6.77	0.7312000000000001	model_3	3d1e	linker
Q	7.754	0.7553	model_3	3d1e	linker
L	8.77	0.7295999999999999	model_3	3d1e	linker
G	5.9701	0.6975	model_3	3d1e	linker
L	5.7141	0.5755	model_3	3d1e	linker
F	3.3026	0.6509	model_3	3d1e	linker
T	-1.0	0.447	model_5	3d1e	linker
L	-1.0	0.5415	model_5	3d1e	linker
M	-1.0	0.6537000000000001	model_5	3d1e	linker
T	-1.0	0.6923999999999999	model_5	3d1e	linker
G	6.6719	0.7303000000000001	model_5	3d1e	linker
Q	7.7494	0.7828	model_5	3d1e	linker
L	8.5958	0.7391	model_5	3d1e	linker
G	6.3096	0.7212000000000001	model_5	3d1e	linker
L	5.7858	0.573	model_5	3d1e	linker
F	3.3044	0.633	model_5	3d1e	linker
T	-1.0	0.4964	model_2	3d1e	linker
L	-1.0	0.517	model_2	3d1e	linker
M	-1.0	0.523	model_2	3d1e	linker
T	-1.0	0.4459	model_2	3d1e	linker
G	11.0541	0.39770000000000005	model_2	3d1e	linker
Q	13.4093	0.4167	model_2	3d1e	linker
L	9.0929	0.46549999999999997	model_2	3d1e	linker
G	6.1032	0.4199	model_2	3d1e	linker
L	7.8911	0.4432	model_2	3d1e	linker
F	2.9447	0.46380000000000005	model_2	3d1e	linker
A	50.7973	0.41359999999999997	model_2	1nvr	sep
S	51.7706	0.44920000000000004	model_2	1nvr	sep
V	50.2617	0.4512	model_2	1nvr	sep
S	53.2809	0.43700000000000006	model_2	1nvr	sep
A	56.655	0.40950000000000003	model_2	1nvr	sep
A	42.6078	0.5329	model_4	1nvr	sep
S	45.9252	0.41	model_4	1nvr	sep
V	46.9101	0.6069	model_4	1nvr	sep
S	50.3363	0.5225	model_4	1nvr	sep
A	47.3013	0.6271	model_4	1nvr	sep
A	38.3986	0.5235	model_5	1nvr	sep
S	40.4471	0.4698	model_5	1nvr	sep
V	44.9408	0.5244	model_5	1nvr	sep
S	46.9572	0.6594	model_5	1nvr	sep
A	50.1746	0.5436	model_5	1nvr	sep
A	54.1436	0.5636	model_1	1nvr	sep
S	51.1351	0.528	model_1	1nvr	sep
V	47.0006	0.6382	model_1	1nvr	sep
S	43.208	0.5268999999999999	model_1	1nvr	sep
A	42.1477	0.617	model_1	1nvr	sep
A	47.0617	0.5128	model_3	1nvr	sep
S	49.2248	0.4407	model_3	1nvr	sep
V	51.0402	0.5993999999999999	model_3	1nvr	sep
S	53.4327	0.5755	model_3	1nvr	sep
A	52.7741	0.5854	model_3	1nvr	sep
A	52.4085	0.4077	model_1	2h9m	sep
R	54.5489	0.37670000000000003	model_1	2h9m	sep
T	52.409	0.406	model_1	2h9m	sep
K	46.5465	0.35369999999999996	model_1	2h9m	sep
Q	44.0266	0.4935	model_1	2h9m	sep
T	-1.0	0.3358	model_1	2h9m	sep
A	-1.0	0.4707	model_1	2h9m	sep
R	-1.0	0.42310000000000003	model_1	2h9m	sep
K	-1.0	0.3223	model_1	2h9m	sep
S	-1.0	0.35	model_1	2h9m	sep
T	-1.0	0.4523	model_1	2h9m	sep
A	66.5168	0.402	model_3	2h9m	sep
R	67.143	0.3483	model_3	2h9m	sep
T	66.5155	0.3531	model_3	2h9m	sep
K	64.2566	0.3604	model_3	2h9m	sep
Q	55.1429	0.38789999999999997	model_3	2h9m	sep
T	-1.0	0.2944	model_3	2h9m	sep
A	-1.0	0.33549999999999996	model_3	2h9m	sep
R	-1.0	0.366	model_3	2h9m	sep
K	-1.0	0.3054	model_3	2h9m	sep
S	-1.0	0.42210000000000003	model_3	2h9m	sep
T	-1.0	0.5124	model_3	2h9m	sep
A	73.038	0.41950000000000004	model_2	2h9m	sep
R	71.5465	0.38020000000000004	model_2	2h9m	sep
T	74.2978	0.4092	model_2	2h9m	sep
K	77.3145	0.4065	model_2	2h9m	sep
Q	71.5815	0.4355	model_2	2h9m	sep
T	-1.0	0.44299999999999995	model_2	2h9m	sep
A	-1.0	0.4482	model_2	2h9m	sep
R	-1.0	0.4507	model_2	2h9m	sep
K	-1.0	0.4804	model_2	2h9m	sep
S	-1.0	0.5278	model_2	2h9m	sep
T	-1.0	0.5529	model_2	2h9m	sep
A	71.2162	0.44439999999999996	model_5	2h9m	sep
R	66.7495	0.40090000000000003	model_5	2h9m	sep
T	67.1781	0.4207	model_5	2h9m	sep
K	66.6395	0.442	model_5	2h9m	sep
Q	69.1097	0.4576	model_5	2h9m	sep
T	-1.0	0.49060000000000004	model_5	2h9m	sep
A	-1.0	0.45899999999999996	model_5	2h9m	sep
R	-1.0	0.4113	model_5	2h9m	sep
K	-1.0	0.4376	model_5	2h9m	sep
S	-1.0	0.3835	model_5	2h9m	sep
T	-1.0	0.39490000000000003	model_5	2h9m	sep
A	54.7049	0.41369999999999996	model_4	2h9m	sep
R	47.1958	0.3497	model_4	2h9m	sep
T	54.8126	0.3933	model_4	2h9m	sep
K	55.1338	0.46990000000000004	model_4	2h9m	sep
Q	61.1016	0.47200000000000003	model_4	2h9m	sep
T	-1.0	0.5054	model_4	2h9m	sep
A	-1.0	0.5117	model_4	2h9m	sep
R	-1.0	0.469	model_4	2h9m	sep
K	-1.0	0.47	model_4	2h9m	sep
S	-1.0	0.43670000000000003	model_4	2h9m	sep
T	-1.0	0.5489999999999999	model_4	2h9m	sep
D	6.3589	0.5325	model_2	2hpl	linker
D	4.256	0.5946	model_2	2hpl	linker
L	1.2622	0.6589	model_2	2hpl	linker
Y	1.8895	0.6584	model_2	2hpl	linker
G	1.8111	0.5608	model_2	2hpl	linker
D	49.8431	0.48979999999999996	model_3	2hpl	linker
D	49.2969	0.4839	model_3	2hpl	linker
L	54.5116	0.4568	model_3	2hpl	linker
Y	55.9817	0.5214	model_3	2hpl	linker
G	53.2838	0.6123	model_3	2hpl	linker
D	8.3546	0.619	model_5	2hpl	linker
D	3.9343	0.6929000000000001	model_5	2hpl	linker
L	0.7285	0.7772	model_5	2hpl	linker
Y	1.8574	0.7334999999999999	model_5	2hpl	linker
G	1.4906	0.6193	model_5	2hpl	linker
D	58.7792	0.6194	model_1	2hpl	linker
D	57.9373	0.6339	model_1	2hpl	linker
L	58.3949	0.6001	model_1	2hpl	linker
Y	55.5119	0.5917	model_1	2hpl	linker
G	60.7077	0.6401	model_1	2hpl	linker
D	55.0092	0.5403	model_4	2hpl	linker
D	53.9667	0.5437	model_4	2hpl	linker
L	59.1215	0.48310000000000003	model_4	2hpl	linker
Y	57.1536	0.4481	model_4	2hpl	linker
G	55.9622	0.5771999999999999	model_4	2hpl	linker
K	29.6142	0.34159999999999996	model_3	2c3i	linker
R	30.7657	0.32799999999999996	model_3	2c3i	linker
R	28.9965	0.3071	model_3	2c3i	linker
R	30.5148	0.3292	model_3	2c3i	linker
H	31.5569	0.379	model_3	2c3i	linker
P	30.5683	0.34759999999999996	model_3	2c3i	linker
S	31.1551	0.3179	model_3	2c3i	linker
G	30.4433	0.4305	model_3	2c3i	linker
K	42.0949	0.3975	model_5	2c3i	linker
R	46.1457	0.3335	model_5	2c3i	linker
R	38.109	0.3994	model_5	2c3i	linker
R	46.2474	0.375	model_5	2c3i	linker
H	38.7141	0.3737	model_5	2c3i	linker
P	37.7454	0.5082	model_5	2c3i	linker
S	39.0346	0.379	model_5	2c3i	linker
G	35.3294	0.4568	model_5	2c3i	linker
K	10.616	0.4657	model_4	2c3i	linker
R	9.0895	0.5183	model_4	2c3i	linker
R	4.4418	0.5051	model_4	2c3i	linker
R	8.5255	0.6172	model_4	2c3i	linker
H	13.7061	0.3922	model_4	2c3i	linker
P	20.2264	0.3761	model_4	2c3i	linker
S	25.5212	0.3627	model_4	2c3i	linker
G	30.899	0.3148	model_4	2c3i	linker
K	7.849	0.6335000000000001	model_1	2c3i	linker
R	1.4064	0.8214	model_1	2c3i	linker
R	3.4685	0.8384999999999999	model_1	2c3i	linker
R	0.5652	0.8291	model_1	2c3i	linker
H	1.2186	0.8231999999999999	model_1	2c3i	linker
P	0.6481	0.7595999999999999	model_1	2c3i	linker
S	0.8429	0.7212000000000001	model_1	2c3i	linker
G	2.9642	0.5815	model_1	2c3i	linker
K	24.7642	0.3845	model_2	2c3i	linker
R	19.4256	0.3578	model_2	2c3i	linker
R	20.0824	0.44520000000000004	model_2	2c3i	linker
R	21.0865	0.4289	model_2	2c3i	linker
H	19.9007	0.36719999999999997	model_2	2c3i	linker
P	21.2405	0.4606	model_2	2c3i	linker
S	21.7129	0.4362	model_2	2c3i	linker
G	20.1832	0.5181	model_2	2c3i	linker
G	32.7581	0.2854	model_2	2o02	linker
H	28.764	0.3265	model_2	2o02	linker
G	27.019	0.3295	model_2	2o02	linker
Q	28.7216	0.3567	model_2	2o02	linker
G	21.3444	0.2987	model_2	2o02	linker
L	18.6948	0.34619999999999995	model_2	2o02	linker
L	15.6192	0.37439999999999996	model_2	2o02	linker
D	12.1832	0.3981	model_2	2o02	linker
A	12.7255	0.3295	model_2	2o02	linker
L	9.3146	0.4393	model_2	2o02	linker
D	4.8582	0.43060000000000004	model_2	2o02	linker
L	7.5044	0.35090000000000005	model_2	2o02	linker
A	8.1768	0.3212	model_2	2o02	linker
S	10.9895	0.3803	model_2	2o02	linker
G	30.4541	0.2664	model_3	2o02	linker
H	26.3891	0.31739999999999996	model_3	2o02	linker
G	26.3208	0.3054	model_3	2o02	linker
Q	26.931	0.35369999999999996	model_3	2o02	linker
G	20.156	0.2966	model_3	2o02	linker
L	18.8351	0.3818	model_3	2o02	linker
L	15.25	0.39880000000000004	model_3	2o02	linker
D	11.3277	0.4104	model_3	2o02	linker
A	12.2604	0.4064	model_3	2o02	linker
L	9.4916	0.44770000000000004	model_3	2o02	linker
D	4.1858	0.4673	model_3	2o02	linker
L	5.4428	0.41409999999999997	model_3	2o02	linker
A	7.4242	0.3649	model_3	2o02	linker
S	12.3172	0.4064	model_3	2o02	linker
G	32.9133	0.3318	model_1	2o02	linker
H	28.8753	0.36939999999999995	model_1	2o02	linker
G	26.922	0.3624	model_1	2o02	linker
Q	28.1754	0.37689999999999996	model_1	2o02	linker
G	20.9652	0.35409999999999997	model_1	2o02	linker
L	18.7641	0.39149999999999996	model_1	2o02	linker
L	15.3227	0.4048	model_1	2o02	linker
D	12.1474	0.43270000000000003	model_1	2o02	linker
A	12.6151	0.3701	model_1	2o02	linker
L	8.7641	0.48229999999999995	model_1	2o02	linker
D	4.9949	0.46840000000000004	model_1	2o02	linker
L	7.1909	0.3649	model_1	2o02	linker
A	8.0807	0.3346	model_1	2o02	linker
S	11.5246	0.3898	model_1	2o02	linker
G	30.7814	0.2908	model_4	2o02	linker
H	26.1859	0.3232	model_4	2o02	linker
G	25.9599	0.3367	model_4	2o02	linker
Q	27.4235	0.38159999999999994	model_4	2o02	linker
G	20.0812	0.34299999999999997	model_4	2o02	linker
L	18.4116	0.4102	model_4	2o02	linker
L	15.2927	0.4465	model_4	2o02	linker
D	11.6131	0.4548	model_4	2o02	linker
A	12.0489	0.4324	model_4	2o02	linker
L	9.1178	0.4964	model_4	2o02	linker
D	4.2431	0.5082	model_4	2o02	linker
L	6.2708	0.4341	model_4	2o02	linker
A	7.3242	0.3972	model_4	2o02	linker
S	12.3913	0.4219	model_4	2o02	linker
G	31.1522	0.2484	model_5	2o02	linker
H	26.7944	0.2751	model_5	2o02	linker
G	26.3323	0.2673	model_5	2o02	linker
Q	27.0921	0.2933	model_5	2o02	linker
G	19.8804	0.2644	model_5	2o02	linker
L	18.6768	0.2993	model_5	2o02	linker
L	15.4856	0.36920000000000003	model_5	2o02	linker
D	10.7692	0.3895	model_5	2o02	linker
A	12.1766	0.364	model_5	2o02	linker
L	9.9125	0.4103	model_5	2o02	linker
D	3.9025	0.4756	model_5	2o02	linker
L	5.3432	0.4292	model_5	2o02	linker
A	8.404	0.3532	model_5	2o02	linker
S	13.9083	0.3883	model_5	2o02	linker
D	4.6298	0.6724	model_3	1nx1	sep
A	1.9475	0.6658	model_3	1nx1	sep
I	2.7069	0.6429	model_3	1nx1	sep
D	3.0655	0.7153	model_3	1nx1	sep
A	2.3329	0.7635	model_3	1nx1	sep
L	2.055	0.7212000000000001	model_3	1nx1	sep
S	2.5161	0.6463	model_3	1nx1	sep
S	2.4287	0.7236	model_3	1nx1	sep
D	2.32	0.6836	model_3	1nx1	sep
F	2.4634	0.6509	model_3	1nx1	sep
T	6.3187	0.6113000000000001	model_3	1nx1	sep
D	4.9476	0.7959	model_5	1nx1	sep
A	2.3982	0.8177	model_5	1nx1	sep
I	3.1642	0.8151	model_5	1nx1	sep
D	3.7627	0.847	model_5	1nx1	sep
A	2.8176	0.8588	model_5	1nx1	sep
L	2.3325	0.8156	model_5	1nx1	sep
S	2.9944	0.8085	model_5	1nx1	sep
S	3.0477	0.8305	model_5	1nx1	sep
D	2.6673	0.7831	model_5	1nx1	sep
F	2.447	0.7365999999999999	model_5	1nx1	sep
T	6.5562	0.6474	model_5	1nx1	sep
D	3.6704	0.6222	model_2	1nx1	sep
A	1.6086	0.5953	model_2	1nx1	sep
I	2.2856	0.5989	model_2	1nx1	sep
D	1.876	0.6803	model_2	1nx1	sep
A	1.6813	0.6998000000000001	model_2	1nx1	sep
L	1.6686	0.6629	model_2	1nx1	sep
S	2.2092	0.6342	model_2	1nx1	sep
S	1.8445	0.7025	model_2	1nx1	sep
D	1.9677	0.6906	model_2	1nx1	sep
F	2.2297	0.635	model_2	1nx1	sep
T	6.1807	0.591	model_2	1nx1	sep
D	4.2218	0.7232999999999999	model_1	1nx1	sep
A	1.6055	0.7145999999999999	model_1	1nx1	sep
I	2.3671	0.6642	model_1	1nx1	sep
D	2.533	0.7403	model_1	1nx1	sep
A	2.021	0.7789	model_1	1nx1	sep
L	1.9347	0.7534000000000001	model_1	1nx1	sep
S	2.2136	0.6920000000000001	model_1	1nx1	sep
S	2.0395	0.7433	model_1	1nx1	sep
D	1.9528	0.731	model_1	1nx1	sep
F	2.1734	0.7134	model_1	1nx1	sep
T	6.1926	0.65	model_1	1nx1	sep
D	3.3258	0.6406999999999999	model_4	1nx1	sep
A	2.4735	0.6311	model_4	1nx1	sep
I	2.9614	0.6453	model_4	1nx1	sep
D	2.5452	0.6966	model_4	1nx1	sep
A	2.6756	0.662	model_4	1nx1	sep
L	3.27	0.6354	model_4	1nx1	sep
S	2.3129	0.609	model_4	1nx1	sep
S	2.9026	0.6331	model_4	1nx1	sep
D	3.6767	0.6257	model_4	1nx1	sep
F	2.6156	0.5436	model_4	1nx1	sep
T	4.6914	0.4579	model_4	1nx1	sep
